SessionID=e29064e7-4243-4ea3-9a9f-f0da7cdefcb8.1761929170908 Timestamp=2025-10-31T11:46:10:908-0500 ThreadID=4783273 Component=ngl-lib_NglAppLib Description="InitializeLogger: -------- Initializing session logs --------"
SessionID=e29064e7-4243-4ea3-9a9f-f0da7cdefcb8.1761929170908 Timestamp=2025-10-31T11:46:10:910-0500 ThreadID=4783273 Component=ngl-lib_kOperatingConfig Description="GetRuntimeDetails: No operating configs found"
SessionID=e29064e7-4243-4ea3-9a9f-f0da7cdefcb8.1761929170908 Timestamp=2025-10-31T11:46:10:910-0500 ThreadID=4783273 Component=ngl-lib_kOperatingConfig Description="GetRuntimeDetails: Fallback to NAMED_USER_ONLINE!!"
SessionID=e29064e7-4243-4ea3-9a9f-f0da7cdefcb8.1761929170908 Timestamp=2025-10-31T11:46:10:910-0500 ThreadID=4783273 Component=ngl-lib_NglAppLib Description="SetConfig: OS Name=MAC, OS Version=15.5.0"
SessionID=e29064e7-4243-4ea3-9a9f-f0da7cdefcb8.1761929170908 Timestamp=2025-10-31T11:46:10:912-0500 ThreadID=4783273 Component=ngl-lib_NglAppLib Description="SetConfig: NGLLibVersion=1.41.0.11, Environment=5, Runtimemode=NAMED_USER_ONLINE, NpdID="
SessionID=e29064e7-4243-4ea3-9a9f-f0da7cdefcb8.1761929170908 Timestamp=2025-10-31T11:46:10:912-0500 ThreadID=4783273 Component=ngl-lib_NglAppLib Description="SetConfig succeeded - SetConfig: ClientID=ngl_acrobat_dc1, AppID=AcrobatDC1, AppVersion=25.1.20756.7, NglRunMode=0"
SessionID=e29064e7-4243-4ea3-9a9f-f0da7cdefcb8.1761929170908 Timestamp=2025-10-31T11:46:10:912-0500 ThreadID=4783273 Component=ngl-lib_NglAppLib Description="SetConfig: Isotropic0.1759172957000.0"
SessionID=e29064e7-4243-4ea3-9a9f-f0da7cdefcb8.1761929170908 Timestamp=2025-10-31T11:46:10:913-0500 ThreadID=4783719 Component=ngl-lib_NglFeatureManager Description="GetOperatingMode : runtime mode : 1"
SessionID=e29064e7-4243-4ea3-9a9f-f0da7cdefcb8.1761929170908 Timestamp=2025-10-31T11:46:10:914-0500 ThreadID=4783719 Component=ngl-lib_OSUtils Description="GetConfigValueFromRegOrPlist: finished with status 0 value:"
SessionID=e29064e7-4243-4ea3-9a9f-f0da7cdefcb8.1761929170908 Timestamp=2025-10-31T11:46:10:915-0500 ThreadID=4783719 Component=ngl-lib_NglFeatureManager Description="GetFlagsFromFs: Finished with status: 0 | OsErrorCode: 0 | OsErrorDesc: "
SessionID=e29064e7-4243-4ea3-9a9f-f0da7cdefcb8.1761929170908 Timestamp=2025-10-31T11:46:10:915-0500 ThreadID=4783719 Component=ngl-lib_OSUtils Description="GetConfigValueFromRegOrPlist: finished with status 0 value:"
SessionID=e29064e7-4243-4ea3-9a9f-f0da7cdefcb8.1761929170908 Timestamp=2025-10-31T11:46:10:915-0500 ThreadID=4783719 Component=ngl-lib_NglFeatureManager Description="ProcessClientJson: client details for client ID Ngl_1_41 is empty"
SessionID=e29064e7-4243-4ea3-9a9f-f0da7cdefcb8.1761929170908 Timestamp=2025-10-31T11:46:10:915-0500 ThreadID=4783719 Component=ngl-lib_NglFeatureManager Description="ProcessClientJson: client details for client ID Ngl_AcrobatDC1 is empty"
SessionID=e29064e7-4243-4ea3-9a9f-f0da7cdefcb8.1761929170908 Timestamp=2025-10-31T11:46:10:916-0500 ThreadID=4783719 Component=ngl-lib_OSUtils Description="GetConfigValueFromRegOrPlist: finished with status 0 value:"
SessionID=e29064e7-4243-4ea3-9a9f-f0da7cdefcb8.1761929170908 Timestamp=2025-10-31T11:46:10:916-0500 ThreadID=4783273 Component=ngl-lib_OSUtils Description="GetConfigValueFromRegOrPlist: finished with status 0 value:"
SessionID=e29064e7-4243-4ea3-9a9f-f0da7cdefcb8.1761929170908 Timestamp=2025-10-31T11:46:10:916-0500 ThreadID=4783273 Component=ngl-lib_NglIngestPersistenceHelper Description="DetermineFeatureEnabled: Is Feature Enabled: 1"
SessionID=e29064e7-4243-4ea3-9a9f-f0da7cdefcb8.1761929170908 Timestamp=2025-10-31T11:46:10:916-0500 ThreadID=4783273 Component=ngl-lib_NglIngestManager Description="NglIngestManager : Initializing Ingest Manager"
SessionID=e29064e7-4243-4ea3-9a9f-f0da7cdefcb8.1761929170908 Timestamp=2025-10-31T11:46:10:916-0500 ThreadID=4783719 Component=ngl-lib_NGLLibFactory Description="GetOperatingModeFromToolKitConfig : Toolkit config runtime mode : "
SessionID=e29064e7-4243-4ea3-9a9f-f0da7cdefcb8.1761929170908 Timestamp=2025-10-31T11:46:10:917-0500 ThreadID=4783273 Component=ngl-lib_NglIngestManager Description="StartIngestService :  Ingest manager started."
SessionID=e29064e7-4243-4ea3-9a9f-f0da7cdefcb8.1761929170908 Timestamp=2025-10-31T11:46:10:917-0500 ThreadID=4783273 Component=ngl-lib_NglIngestManager Description="StartIngestService :  Ingest Monitor success thread started."
SessionID=e29064e7-4243-4ea3-9a9f-f0da7cdefcb8.1761929170908 Timestamp=2025-10-31T11:46:10:917-0500 ThreadID=4783720 Component=ngl-lib_NglIngestManager Description="ProcessNglIngestEvents : Ingest Process - Started"
SessionID=e29064e7-4243-4ea3-9a9f-f0da7cdefcb8.1761929170908 Timestamp=2025-10-31T11:46:10:917-0500 ThreadID=4783720 Component=ngl-lib_NglIngestManager Description="ProcessNglIngestEvents :  Ingest manager State: Running "
SessionID=e29064e7-4243-4ea3-9a9f-f0da7cdefcb8.1761929170908 Timestamp=2025-10-31T11:46:10:917-0500 ThreadID=4783273 Component=ngl-lib_SyncManager Description="SyncManager : Initializing SyncManager"
SessionID=e29064e7-4243-4ea3-9a9f-f0da7cdefcb8.1761929170908 Timestamp=2025-10-31T11:46:10:918-0500 ThreadID=4783721 Component=ngl-lib_NglIngestManager Description="MonitorSuccessEventsThread : Ingest Success Event Monitor - Started"
SessionID=e29064e7-4243-4ea3-9a9f-f0da7cdefcb8.1761929170908 Timestamp=2025-10-31T11:46:10:918-0500 ThreadID=4783273 Component=ngl-lib_DataStorageFs Description="DataStorageFs: mFeatureSupported set to 1 at start"
SessionID=e29064e7-4243-4ea3-9a9f-f0da7cdefcb8.1761929170908 Timestamp=2025-10-31T11:46:10:919-0500 ThreadID=4783719 Component=ngl-lib_NGLLibFactory Description="GetIsSoftVirtualizationModeEnabled: Setting Soft Virtual Enviroment Flag as False as VDI is false."
SessionID=e29064e7-4243-4ea3-9a9f-f0da7cdefcb8.1761929170908 Timestamp=2025-10-31T11:46:10:919-0500 ThreadID=4783273 Component=ngl-lib_DataStorageFs Description="SetLegacyStorageSupported: mLegacyStorageSupported set to 1"
SessionID=e29064e7-4243-4ea3-9a9f-f0da7cdefcb8.1761929170908 Timestamp=2025-10-31T11:46:10:919-0500 ThreadID=4783273 Component=ngl-lib_DataStorageFs Description="SetLegacyStorageSupportedFromCapabilityFile: status: 8"
SessionID=e29064e7-4243-4ea3-9a9f-f0da7cdefcb8.1761929170908 Timestamp=2025-10-31T11:46:10:922-0500 ThreadID=4783273 Component=ngl-lib_OSUtils Description="checkEntitlementForAppGroup: for app group: JQ525L2MZD.com.adobe.NGL is 1"
SessionID=e29064e7-4243-4ea3-9a9f-f0da7cdefcb8.1761929170908 Timestamp=2025-10-31T11:46:10:923-0500 ThreadID=4783273 Component=ngl-lib_DataStorageFs Description="SetFsFlagsFromConfigFile: status: 0"
SessionID=e29064e7-4243-4ea3-9a9f-f0da7cdefcb8.1761929170908 Timestamp=2025-10-31T11:46:10:923-0500 ThreadID=4783273 Component=ngl-lib_SyncManager Description="StartSyncService: SyncService started"
SessionID=e29064e7-4243-4ea3-9a9f-f0da7cdefcb8.1761929170908 Timestamp=2025-10-31T11:46:10:923-0500 ThreadID=4783722 Component=ngl-lib_DataStorageFs Description="SetLegacyStorageSupported: mLegacyStorageSupported set to 1"
SessionID=e29064e7-4243-4ea3-9a9f-f0da7cdefcb8.1761929170908 Timestamp=2025-10-31T11:46:10:923-0500 ThreadID=4783722 Component=ngl-lib_DataStorageFs Description="SetLegacyStorageSupportedFromCapabilityFile: status: 8"
SessionID=e29064e7-4243-4ea3-9a9f-f0da7cdefcb8.1761929170908 Timestamp=2025-10-31T11:46:10:923-0500 ThreadID=4783273 Component=ngl-lib_NglController Description="SetNgluPath: adobe licensing helper not found in path from NglAppLibConfig, using from default location"
SessionID=e29064e7-4243-4ea3-9a9f-f0da7cdefcb8.1761929170908 Timestamp=2025-10-31T11:46:10:923-0500 ThreadID=4783722 Component=ngl-lib_DataStorageFs Description="SetFsFlagsFromConfigFile: status: 0"
SessionID=e29064e7-4243-4ea3-9a9f-f0da7cdefcb8.1761929170908 Timestamp=2025-10-31T11:46:10:923-0500 ThreadID=4783722 Component=ngl-lib_SyncManager Description="RecurringSync: Executing the pending sync for key Package Info..."
SessionID=e29064e7-4243-4ea3-9a9f-f0da7cdefcb8.1761929170908 Timestamp=2025-10-31T11:46:10:924-0500 ThreadID=4783273 Component=ngl-lib_NglController Description="NglController: constructor invoked in 5 license mode, NglRunMode - 0 & ReInitStatus failure ExtBrwAuth_Enabled:True"
SessionID=e29064e7-4243-4ea3-9a9f-f0da7cdefcb8.1761929170908 Timestamp=2025-10-31T11:46:10:924-0500 ThreadID=4783273 Component=ngl-lib_NglSDKInterface Description="RegisterNglControllerInstance: invoked"
SessionID=e29064e7-4243-4ea3-9a9f-f0da7cdefcb8.1761929170908 Timestamp=2025-10-31T11:46:10:924-0500 ThreadID=4783273 Component=ngl-lib_NglController Description="InitializeProfileUpdates: invoked and running in headed mode"
SessionID=e29064e7-4243-4ea3-9a9f-f0da7cdefcb8.1761929170908 Timestamp=2025-10-31T11:46:10:924-0500 ThreadID=4783273 Component=ngl-lib_NglController Description="ONGLIPUI: invoked and running in headed mode"
SessionID=e29064e7-4243-4ea3-9a9f-f0da7cdefcb8.1761929170908 Timestamp=2025-10-31T11:46:10:933-0500 ThreadID=4783722 Component=ngl-lib_SyncManager Description="SyncRunnable: returnStatus: 8, lSyncAction: 0, key: Package Info"
SessionID=e29064e7-4243-4ea3-9a9f-f0da7cdefcb8.1761929170908 Timestamp=2025-10-31T11:46:10:933-0500 ThreadID=4783719 Component=ngl-lib_DataStorage Description="GetItemFromKcStorageImpl lOsStatus: GetItemFromStorage: 0"
SessionID=e29064e7-4243-4ea3-9a9f-f0da7cdefcb8.1761929170908 Timestamp=2025-10-31T11:46:10:933-0500 ThreadID=4783722 Component=ngl-lib_SyncManager Description="RecurringSync: Executing the pending sync for key Password..."
SessionID=e29064e7-4243-4ea3-9a9f-f0da7cdefcb8.1761929170908 Timestamp=2025-10-31T11:46:10:933-0500 ThreadID=4783722 Component=ngl-lib_SyncManager Description="SyncRunnable: returnStatus: 8, lSyncAction: 0, key: Password"
SessionID=e29064e7-4243-4ea3-9a9f-f0da7cdefcb8.1761929170908 Timestamp=2025-10-31T11:46:10:933-0500 ThreadID=4783722 Component=ngl-lib_SyncManager Description="RecurringSync: Executing the pending sync for key User DT..."
SessionID=e29064e7-4243-4ea3-9a9f-f0da7cdefcb8.1761929170908 Timestamp=2025-10-31T11:46:10:934-0500 ThreadID=4783722 Component=ngl-lib_SyncManager Description="SyncRunnable: returnStatus: 8, lSyncAction: 0, key: User DT"
SessionID=e29064e7-4243-4ea3-9a9f-f0da7cdefcb8.1761929170908 Timestamp=2025-10-31T11:46:10:934-0500 ThreadID=4783722 Component=ngl-lib_SyncManager Description="RecurringSync: Executing the pending sync for key User OS Info..."
SessionID=e29064e7-4243-4ea3-9a9f-f0da7cdefcb8.1761929170908 Timestamp=2025-10-31T11:46:10:934-0500 ThreadID=4783722 Component=ngl-lib_SyncManager Description="SyncRunnable: returnStatus: 8, lSyncAction: 0, key: User OS Info"
SessionID=e29064e7-4243-4ea3-9a9f-f0da7cdefcb8.1761929170908 Timestamp=2025-10-31T11:46:10:934-0500 ThreadID=4783722 Component=ngl-lib_SyncManager Description="RecurringSync: Executing the pending sync for key User Profile..."
SessionID=e29064e7-4243-4ea3-9a9f-f0da7cdefcb8.1761929170908 Timestamp=2025-10-31T11:46:10:934-0500 ThreadID=4783722 Component=ngl-lib_SyncManager Description="SyncRunnable: returnStatus: 8, lSyncAction: 0, key: User Profile"
SessionID=e29064e7-4243-4ea3-9a9f-f0da7cdefcb8.1761929170908 Timestamp=2025-10-31T11:46:10:934-0500 ThreadID=4783722 Component=ngl-lib_SyncManager Description="RecurringSync: Executing the pending sync for key Username..."
SessionID=e29064e7-4243-4ea3-9a9f-f0da7cdefcb8.1761929170908 Timestamp=2025-10-31T11:46:10:935-0500 ThreadID=4783722 Component=ngl-lib_SyncManager Description="SyncRunnable: returnStatus: 8, lSyncAction: 0, key: Username"
SessionID=e29064e7-4243-4ea3-9a9f-f0da7cdefcb8.1761929170908 Timestamp=2025-10-31T11:46:10:936-0500 ThreadID=4783719 Component=ngl-lib_DataStorageFs Description="GetItemFromFsStorageImpl: key: App Info; status: 0"
SessionID=e29064e7-4243-4ea3-9a9f-f0da7cdefcb8.1761929170908 Timestamp=2025-10-31T11:46:10:936-0500 ThreadID=4783719 Component=ngl-lib_DataStorageFs Description="GetItemFromFsStorageImpl: key: App Info_ATTRIBUTES; status: 8"
SessionID=e29064e7-4243-4ea3-9a9f-f0da7cdefcb8.1761929170908 Timestamp=2025-10-31T11:46:10:936-0500 ThreadID=4783719 Component=ngl-lib_DataStorageFs Description="SaveItemToFsStorageImpl: key: App Info; status: 0"
SessionID=e29064e7-4243-4ea3-9a9f-f0da7cdefcb8.1761929170908 Timestamp=2025-10-31T11:46:10:938-0500 ThreadID=4783719 Component=ngl-lib_CertificateVerifier Description="VerifySignatureV2: VerifySignature invoked"
SessionID=e29064e7-4243-4ea3-9a9f-f0da7cdefcb8.1761929170908 Timestamp=2025-10-31T11:46:10:938-0500 ThreadID=4783719 Component=ngl-lib_CertificateVerifier Description="VerifySignatureV2: Public key extracted successfully"
SessionID=e29064e7-4243-4ea3-9a9f-f0da7cdefcb8.1761929170908 Timestamp=2025-10-31T11:46:10:938-0500 ThreadID=4783719 Component=ngl-lib_CertificateVerifier Description="VerifySignatureV2: Call to SecKeyVerifySignature was successful"
SessionID=e29064e7-4243-4ea3-9a9f-f0da7cdefcb8.1761929170908 Timestamp=2025-10-31T11:46:10:945-0500 ThreadID=4783719 Component=ngl-lib_CertificateVerifier Description="VerifySignatureV2: VerifySignature invoked"
SessionID=e29064e7-4243-4ea3-9a9f-f0da7cdefcb8.1761929170908 Timestamp=2025-10-31T11:46:10:946-0500 ThreadID=4783719 Component=ngl-lib_CertificateVerifier Description="VerifySignatureV2: Public key extracted successfully"
SessionID=e29064e7-4243-4ea3-9a9f-f0da7cdefcb8.1761929170908 Timestamp=2025-10-31T11:46:10:946-0500 ThreadID=4783719 Component=ngl-lib_CertificateVerifier Description="VerifySignatureV2: Call to SecKeyVerifySignature was successful"
SessionID=e29064e7-4243-4ea3-9a9f-f0da7cdefcb8.1761929170908 Timestamp=2025-10-31T11:46:10:946-0500 ThreadID=4783719 Component=ngl-lib_SPVerifier Description="IsValidSignedProfile: Signature verification success"
SessionID=e29064e7-4243-4ea3-9a9f-f0da7cdefcb8.1761929170908 Timestamp=2025-10-31T11:46:10:947-0500 ThreadID=4783719 Component=ngl-lib_ServerConfiguredControlProfile Description="SetKeychainRouteToNGLU: setting mKeychainRouteToNGLU = 0 "
SessionID=e29064e7-4243-4ea3-9a9f-f0da7cdefcb8.1761929170908 Timestamp=2025-10-31T11:46:10:948-0500 ThreadID=4783719 Component=ngl-lib_InMemoryStorage Description="SetASNP  Setting onLocalSignout as it does have a valid value, before - 10 , now - 404"
SessionID=e29064e7-4243-4ea3-9a9f-f0da7cdefcb8.1761929170908 Timestamp=2025-10-31T11:46:10:948-0500 ThreadID=4783719 Component=ngl-lib_NUSecureProfileFetcher Description="ValidateAndGetCachedSP : ASNP from cache successfully retrieved/validated"
SessionID=e29064e7-4243-4ea3-9a9f-f0da7cdefcb8.1761929170908 Timestamp=2025-10-31T11:46:10:948-0500 ThreadID=4783719 Component=ngl-lib_NglAppLib Description="GetCachedNglProfile ASNP ID: 39b0287d-6912-41b0-8b21-a77a3e0a254f"
SessionID=e29064e7-4243-4ea3-9a9f-f0da7cdefcb8.1761929170908 Timestamp=2025-10-31T11:46:10:948-0500 ThreadID=4783719 Component=ngl-lib_NglAppLib Description="GetCachedNglProfile Status: Success"
SessionID=e29064e7-4243-4ea3-9a9f-f0da7cdefcb8.1761929170908 Timestamp=2025-10-31T11:46:10:949-0500 ThreadID=4783719 Component=ngl-lib_DataStorageFs Description="GetItemFromFsStorageImpl: key: User DT; status: 0"
SessionID=e29064e7-4243-4ea3-9a9f-f0da7cdefcb8.1761929170908 Timestamp=2025-10-31T11:46:10:949-0500 ThreadID=4783719 Component=ngl-lib_DataStorageFs Description="GetItemFromFsStorageImpl: key: App Prefetched Info; status: 8"
SessionID=e29064e7-4243-4ea3-9a9f-f0da7cdefcb8.1761929170908 Timestamp=2025-10-31T11:46:10:949-0500 ThreadID=4783719 Component=ngl-lib_DataStorage Description="HandleGetFromStorageForAsnp: Get from FS failed with status: 8, falling back to legacy storage to fetch"
SessionID=e29064e7-4243-4ea3-9a9f-f0da7cdefcb8.1761929170908 Timestamp=2025-10-31T11:46:10:949-0500 ThreadID=4783719 Component=ngl-lib_DataStorage Description="GetItemFromKcStorageImpl lOsStatus: GetItemFromStorage: -25300"
SessionID=e29064e7-4243-4ea3-9a9f-f0da7cdefcb8.1761929170908 Timestamp=2025-10-31T11:46:10:949-0500 ThreadID=4783719 Component=ngl-lib_NUSecureProfileDao Description="GetPrefetchedSecureProfile : Prefetched ASNP not found"
SessionID=e29064e7-4243-4ea3-9a9f-f0da7cdefcb8.1761929170908 Timestamp=2025-10-31T11:46:10:949-0500 ThreadID=4783719 Component=ngl-lib_NUSecureProfileFetcher ErrorID=SPDaoLevelStatus:11 Description="ValidateAndGetPrefetchedSP : Failed to fetch prefetched ASNP"
SessionID=e29064e7-4243-4ea3-9a9f-f0da7cdefcb8.1761929170908 Timestamp=2025-10-31T11:46:10:949-0500 ThreadID=4783719 Component=ngl-lib_NglAppLib ErrorID=228 Description="GetPrefetchedNglProfile Status: Data Not Found : Cached NGL Profile"
SessionID=e29064e7-4243-4ea3-9a9f-f0da7cdefcb8.1761929170908 Timestamp=2025-10-31T11:46:10:950-0500 ThreadID=4783719 Component=ngl-lib_NglController Description="GetCachedProfile: Update refresh interval to 84960000 "
SessionID=e29064e7-4243-4ea3-9a9f-f0da7cdefcb8.1761929170908 Timestamp=2025-10-31T11:46:10:950-0500 ThreadID=4783719 Component=ngl-lib_NglController Description="SetCommitmentFromNglProfile: Setting CommitmentType: YEAR"
SessionID=e29064e7-4243-4ea3-9a9f-f0da7cdefcb8.1761929170908 Timestamp=2025-10-31T11:46:10:950-0500 ThreadID=4783273 Component=ngl-lib_NglController Description="ExecuteRequest: request id: 1 api: 0 data?: no workflow?: no"
SessionID=e29064e7-4243-4ea3-9a9f-f0da7cdefcb8.1761929170908 Timestamp=2025-10-31T11:46:10:950-0500 ThreadID=4783273 Component=ngl-lib_NglController Description="ExecuteRequest: request id: 2 api: 0 data?: no workflow?: no"
SessionID=e29064e7-4243-4ea3-9a9f-f0da7cdefcb8.1761929170908 Timestamp=2025-10-31T11:46:10:950-0500 ThreadID=4783273 Component=ngl-lib_NglController Description="InitializeProfileUpdatesInternal: Initial internal status = 0"
SessionID=e29064e7-4243-4ea3-9a9f-f0da7cdefcb8.1761929170908 Timestamp=2025-10-31T11:46:10:950-0500 ThreadID=4783273 Component=ngl-lib_OSUtils Description="GetConfigValueFromRegOrPlist: finished with status 0 value:"
SessionID=e29064e7-4243-4ea3-9a9f-f0da7cdefcb8.1761929170908 Timestamp=2025-10-31T11:46:10:950-0500 ThreadID=4783273 Component=ngl-lib_OfflineStatusSpotter Description="DetermineFeatureEnabled: Is Feature Enabled: 1"
SessionID=e29064e7-4243-4ea3-9a9f-f0da7cdefcb8.1761929170908 Timestamp=2025-10-31T11:46:10:951-0500 ThreadID=4783273 Component=ngl-lib_OSUtils Description="GetConfigValueFromRegOrPlist: finished with status 0 value:"
SessionID=e29064e7-4243-4ea3-9a9f-f0da7cdefcb8.1761929170908 Timestamp=2025-10-31T11:46:10:951-0500 ThreadID=4783273 Component=ngl-lib_NglAbuseSpotterManager Description="DetermineFeatureEnabled: Is Feature Enabled: 1"
SessionID=e29064e7-4243-4ea3-9a9f-f0da7cdefcb8.1761929170908 Timestamp=2025-10-31T11:46:10:951-0500 ThreadID=4783729 Component=ngl-lib_NglAbuseSpotterManager Description="WorkerThread: Starting spotter thread"
SessionID=e29064e7-4243-4ea3-9a9f-f0da7cdefcb8.1761929170908 Timestamp=2025-10-31T11:46:10:951-0500 ThreadID=4783729 Component=ngl-lib_NglAbuseSpotterManager Description="WorkerThread: Task popped from queue"
SessionID=e29064e7-4243-4ea3-9a9f-f0da7cdefcb8.1761929170908 Timestamp=2025-10-31T11:46:10:951-0500 ThreadID=4783273 Component=ngl-lib_OSUtils Description="GetConfigValueFromRegOrPlist: finished with status 0 value:"
SessionID=e29064e7-4243-4ea3-9a9f-f0da7cdefcb8.1761929170908 Timestamp=2025-10-31T11:46:10:951-0500 ThreadID=4783273 Component=ngl-lib_NglNotificationManager Description="DetermineFeatureEnabled: Is Feature Enabled: 0"
SessionID=e29064e7-4243-4ea3-9a9f-f0da7cdefcb8.1761929170908 Timestamp=2025-10-31T11:46:10:951-0500 ThreadID=4783273 Component=ngl-lib_NglController Description="LogCurrentUser: CachedNotValidated UserID=af14400a5e7c82fc7667b21dae20f5de97f35bdb"
SessionID=e29064e7-4243-4ea3-9a9f-f0da7cdefcb8.1761929170908 Timestamp=2025-10-31T11:46:10:951-0500 ThreadID=4783729 Component=ngl-lib_OfflineStatusSpotter Description="ReadOfflineStatusDataFromFs: Finished with status: 8 | OsErrorCode: 0 | OsErrorDesc: "
SessionID=e29064e7-4243-4ea3-9a9f-f0da7cdefcb8.1761929170908 Timestamp=2025-10-31T11:46:10:951-0500 ThreadID=4783730 Component=ngl-lib_NglController Description="SubmitSystemIngestEvents: Build time SDK Version: 140500"
SessionID=e29064e7-4243-4ea3-9a9f-f0da7cdefcb8.1761929170908 Timestamp=2025-10-31T11:46:10:951-0500 ThreadID=4783729 Component=ngl-lib_OfflineStatusSpotter Description="SendEventIfRequired: returnStatus: 8"
SessionID=e29064e7-4243-4ea3-9a9f-f0da7cdefcb8.1761929170908 Timestamp=2025-10-31T11:46:10:951-0500 ThreadID=4783730 Component=ngl-lib_NglController Description="SubmitSystemIngestEvents: Platform is Not Virtual | VDI: 0 "
SessionID=e29064e7-4243-4ea3-9a9f-f0da7cdefcb8.1761929170908 Timestamp=2025-10-31T11:46:10:952-0500 ThreadID=4783720 Component=ngl-lib_DataStorageFs Description="GetItemFromFsStorageImpl: key: User DT; status: 0"
SessionID=e29064e7-4243-4ea3-9a9f-f0da7cdefcb8.1761929170908 Timestamp=2025-10-31T11:46:10:952-0500 ThreadID=4783720 Component=ngl-lib_NglIngestManager ErrorID=214 Description="GetAccessToken : Failed to fetch access token"
SessionID=e29064e7-4243-4ea3-9a9f-f0da7cdefcb8.1761929170908 Timestamp=2025-10-31T11:46:10:952-0500 ThreadID=4783720 Component=ngl-lib_DataStorageFs Description="GetItemFromFsStorageImpl: key: Username; status: 8"
SessionID=e29064e7-4243-4ea3-9a9f-f0da7cdefcb8.1761929170908 Timestamp=2025-10-31T11:46:10:952-0500 ThreadID=4783720 Component=ngl-lib_HttpRestConnectorForPost Description="SendHttpRequestSync: Request about to start"
SessionID=e29064e7-4243-4ea3-9a9f-f0da7cdefcb8.1761929170908 Timestamp=2025-10-31T11:46:10:952-0500 ThreadID=4783720 Component=ngl-lib_HTTPRequestMac Description="SendHttpRequestSyncInternal: Calling endpoint https://cc-api-data.adobe.io/ingest"
SessionID=e29064e7-4243-4ea3-9a9f-f0da7cdefcb8.1761929170908 Timestamp=2025-10-31T11:46:10:988-0500 ThreadID=4783034 Component=ngl-lib_NglController Description="GetAMTData: invoked"
SessionID=e29064e7-4243-4ea3-9a9f-f0da7cdefcb8.1761929170908 Timestamp=2025-10-31T11:46:10:988-0500 ThreadID=4783034 Component=ngl-lib_NglController Description="GetIntersectionOfLocalesList: invoked with Passed locales list as en_US"
SessionID=e29064e7-4243-4ea3-9a9f-f0da7cdefcb8.1761929170908 Timestamp=2025-10-31T11:46:10:988-0500 ThreadID=4783034 Component=ngl-lib_NglController Description="GetIntersectionOfLocalesList: Reordered locales list is identical to passed locales as no installed locales were found."
SessionID=e29064e7-4243-4ea3-9a9f-f0da7cdefcb8.1761929170908 Timestamp=2025-10-31T11:46:10:988-0500 ThreadID=4783034 Component=ngl-lib_NglController Description="GetProxyCredentials: invoked"
SessionID=e29064e7-4243-4ea3-9a9f-f0da7cdefcb8.1761929170908 Timestamp=2025-10-31T11:46:10:988-0500 ThreadID=4783034 Component=ngl-lib_DataStorageFs Description="GetItemFromFsStorageImpl: key: Username; status: 8"
SessionID=e29064e7-4243-4ea3-9a9f-f0da7cdefcb8.1761929170908 Timestamp=2025-10-31T11:46:10:988-0500 ThreadID=4783034 Component=ngl-lib_NglCommonLib Description="GetProxyCredentials - returned with : SecureStorageStatus:8 & NglStatusCode:242"
SessionID=e29064e7-4243-4ea3-9a9f-f0da7cdefcb8.1761929170908 Timestamp=2025-10-31T11:46:10:996-0500 ThreadID=4783034 Component=ngl-lib_NglController Description="GetAMTData: invoked"
SessionID=e29064e7-4243-4ea3-9a9f-f0da7cdefcb8.1761929170908 Timestamp=2025-10-31T11:46:10:996-0500 ThreadID=4783034 Component=ngl-lib_NglController Description="GetIntersectionOfLocalesList: invoked with Passed locales list as en_US,ja_JP,de_DE,uk_UA,zh_CN,es_ES,da_DK,it_IT,sv_SE,cs_CZ,ko_KR,en_IL,nb_NO,en_AE,hu_HU,tr_TR,pl_PL,zh_TW,ru_RU,fr_FR,fi_FI,nl_NL,pt_BR,fr_MA"
SessionID=e29064e7-4243-4ea3-9a9f-f0da7cdefcb8.1761929170908 Timestamp=2025-10-31T11:46:10:996-0500 ThreadID=4783034 Component=ngl-lib_NglController Description="GetIntersectionOfLocalesList: Reordered locales list is identical to passed locales as no installed locales were found."
SessionID=e29064e7-4243-4ea3-9a9f-f0da7cdefcb8.1761929170908 Timestamp=2025-10-31T11:46:10:997-0500 ThreadID=4783034 Component=ngl-lib_NglController Description="InitializeWorkflows: invoked"
SessionID=e29064e7-4243-4ea3-9a9f-f0da7cdefcb8.1761929170908 Timestamp=2025-10-31T11:46:10:997-0500 ThreadID=4783034 Component=ngl-lib_NglAppLib Description="SetAppRuntimeConfig: AppLocale=en_US"
SessionID=e29064e7-4243-4ea3-9a9f-f0da7cdefcb8.1761929170908 Timestamp=2025-10-31T11:46:10:999-0500 ThreadID=4783034 Component=ngl-lib_OSUtils Description="IsAppSandboxed: calculated IsAppSandboxed: 0"
SessionID=e29064e7-4243-4ea3-9a9f-f0da7cdefcb8.1761929170908 Timestamp=2025-10-31T11:46:11:000-0500 ThreadID=4783735 Component=ngl-lib_NglController Description="InitialProfileTimer: app is licensed"
SessionID=e29064e7-4243-4ea3-9a9f-f0da7cdefcb8.1761929170908 Timestamp=2025-10-31T11:46:11:000-0500 ThreadID=4783034 Component=ngl-lib_NglController Description="GetNglMenuItems: invoked"
SessionID=e29064e7-4243-4ea3-9a9f-f0da7cdefcb8.1761929170908 Timestamp=2025-10-31T11:46:11:000-0500 ThreadID=4783736 Component=ngl-lib_NUSecureProfileFetcher Description="GetDeviceTokenAndProfile : invoked"
SessionID=e29064e7-4243-4ea3-9a9f-f0da7cdefcb8.1761929170908 Timestamp=2025-10-31T11:46:11:000-0500 ThreadID=4783736 Component=ngl-lib_DataStorageFs Description="GetItemFromFsStorageImpl: key: User DT; status: 0"
SessionID=e29064e7-4243-4ea3-9a9f-f0da7cdefcb8.1761929170908 Timestamp=2025-10-31T11:46:11:001-0500 ThreadID=4783736 Component=ngl-lib_DataStorageFs Description="GetItemFromFsStorageImpl: key: User DT; status: 0"
SessionID=e29064e7-4243-4ea3-9a9f-f0da7cdefcb8.1761929170908 Timestamp=2025-10-31T11:46:11:002-0500 ThreadID=4783736 Component=ngl-lib_DataStorageFs Description="GetItemFromFsStorageImpl: key: Username; status: 8"
SessionID=e29064e7-4243-4ea3-9a9f-f0da7cdefcb8.1761929170908 Timestamp=2025-10-31T11:46:11:002-0500 ThreadID=4783736 Component=ngl-lib_HttpRestConnectorForPost Description="SendHttpRequestSync: Request about to start"
SessionID=e29064e7-4243-4ea3-9a9f-f0da7cdefcb8.1761929170908 Timestamp=2025-10-31T11:46:11:002-0500 ThreadID=4783736 Component=ngl-lib_HTTPRequestMac Description="SendHttpRequestSyncInternal: Calling endpoint https://ims-prod06.adobelogin.com/ims/token/v4"
SessionID=e29064e7-4243-4ea3-9a9f-f0da7cdefcb8.1761929170908 Timestamp=2025-10-31T11:46:11:132-0500 ThreadID=4783063 Component=ngl-lib_HttpRequestDelegate Description="didReceiveResponse: Received Response with status 200"
SessionID=e29064e7-4243-4ea3-9a9f-f0da7cdefcb8.1761929170908 Timestamp=2025-10-31T11:46:11:132-0500 ThreadID=4783278 Component=ngl-lib_HttpRequestDelegate Description="didCompleteWithError: Got empty response"
SessionID=e29064e7-4243-4ea3-9a9f-f0da7cdefcb8.1761929170908 Timestamp=2025-10-31T11:46:11:132-0500 ThreadID=4783720 Component=ngl-lib_HttpRestConnectorForPost Description="SendHttpRequestSync: Request complete"
SessionID=e29064e7-4243-4ea3-9a9f-f0da7cdefcb8.1761929170908 Timestamp=2025-10-31T11:46:11:218-0500 ThreadID=4783063 Component=ngl-lib_HttpRequestDelegate Description="didReceiveResponse: Received Response with status 200"
SessionID=e29064e7-4243-4ea3-9a9f-f0da7cdefcb8.1761929170908 Timestamp=2025-10-31T11:46:11:218-0500 ThreadID=4783062 Component=ngl-lib_HttpRequestDelegate Description="didReceiveData: URLSessionDataTask didReceiveData 3318 bytes"
SessionID=e29064e7-4243-4ea3-9a9f-f0da7cdefcb8.1761929170908 Timestamp=2025-10-31T11:46:11:218-0500 ThreadID=4783736 Component=ngl-lib_HttpRestConnectorForPost Description="SendHttpRequestSync: Request complete"
SessionID=e29064e7-4243-4ea3-9a9f-f0da7cdefcb8.1761929170908 Timestamp=2025-10-31T11:46:11:218-0500 ThreadID=4783736 Component=ngl-lib_IMSConnector Description="FetchAccessTokenFromDeviceTokenInternal -> LogHttpResponse : clientId: ngl_acrobat_dc1 | ScopeId: openid,AdobeID,additional_info.roles | UserAgent: Acrobat/25.1.20756.7 NGL Client/1.41.0.11 (MAC/15.5.0) [2025-10-31T11:46:10.218-0500] | HttpRequestStatus: 0 | HttpResponseCode: 200 | X-Debug-Id: fab900b3-e07a-40bd-ad08-bfe714c73c1f"
SessionID=e29064e7-4243-4ea3-9a9f-f0da7cdefcb8.1761929170908 Timestamp=2025-10-31T11:46:11:218-0500 ThreadID=4783736 Component=ngl-lib_IMSConnector Description="FetchAccessTokenFromDeviceToken : FetchAccessToken returned : 0"
SessionID=e29064e7-4243-4ea3-9a9f-f0da7cdefcb8.1761929170908 Timestamp=2025-10-31T11:46:11:218-0500 ThreadID=4783736 Component=ngl-lib_IMSConnector Description="FetchAccessTokenFromDeviceToken: IMS http request success, trigger update IMS status"
SessionID=e29064e7-4243-4ea3-9a9f-f0da7cdefcb8.1761929170908 Timestamp=2025-10-31T11:46:11:219-0500 ThreadID=4783748 Component=ngl-lib_NgluCommands Description="UpdateSSOFiles Updated flag file with value IMS_ACTIVE"
SessionID=e29064e7-4243-4ea3-9a9f-f0da7cdefcb8.1761929170908 Timestamp=2025-10-31T11:46:11:219-0500 ThreadID=4783748 Component=ngl-lib_NgluCommands Description="Update IMS status to file succeed"
SessionID=e29064e7-4243-4ea3-9a9f-f0da7cdefcb8.1761929170908 Timestamp=2025-10-31T11:46:11:219-0500 ThreadID=4783736 Component=ngl-lib_DataStorageFs Description="GetItemFromFsStorageImpl: key: App Info; status: 0"
SessionID=e29064e7-4243-4ea3-9a9f-f0da7cdefcb8.1761929170908 Timestamp=2025-10-31T11:46:11:219-0500 ThreadID=4783736 Component=ngl-lib_DataStorageFs Description="GetItemFromFsStorageImpl: key: App Info_ATTRIBUTES; status: 8"
SessionID=e29064e7-4243-4ea3-9a9f-f0da7cdefcb8.1761929170908 Timestamp=2025-10-31T11:46:11:220-0500 ThreadID=4783736 Component=ngl-lib_DataStorageFs Description="SaveItemToFsStorageImpl: key: App Info; status: 0"
SessionID=e29064e7-4243-4ea3-9a9f-f0da7cdefcb8.1761929170908 Timestamp=2025-10-31T11:46:11:221-0500 ThreadID=4783736 Component=ngl-lib_CertificateVerifier Description="VerifySignatureV2: VerifySignature invoked"
SessionID=e29064e7-4243-4ea3-9a9f-f0da7cdefcb8.1761929170908 Timestamp=2025-10-31T11:46:11:221-0500 ThreadID=4783736 Component=ngl-lib_CertificateVerifier Description="VerifySignatureV2: Public key extracted successfully"
SessionID=e29064e7-4243-4ea3-9a9f-f0da7cdefcb8.1761929170908 Timestamp=2025-10-31T11:46:11:221-0500 ThreadID=4783736 Component=ngl-lib_CertificateVerifier Description="VerifySignatureV2: Call to SecKeyVerifySignature was successful"
SessionID=e29064e7-4243-4ea3-9a9f-f0da7cdefcb8.1761929170908 Timestamp=2025-10-31T11:46:11:223-0500 ThreadID=4783736 Component=ngl-lib_CertificateVerifier Description="VerifySignatureV2: VerifySignature invoked"
SessionID=e29064e7-4243-4ea3-9a9f-f0da7cdefcb8.1761929170908 Timestamp=2025-10-31T11:46:11:223-0500 ThreadID=4783736 Component=ngl-lib_CertificateVerifier Description="VerifySignatureV2: Public key extracted successfully"
SessionID=e29064e7-4243-4ea3-9a9f-f0da7cdefcb8.1761929170908 Timestamp=2025-10-31T11:46:11:223-0500 ThreadID=4783736 Component=ngl-lib_CertificateVerifier Description="VerifySignatureV2: Call to SecKeyVerifySignature was successful"
SessionID=e29064e7-4243-4ea3-9a9f-f0da7cdefcb8.1761929170908 Timestamp=2025-10-31T11:46:11:224-0500 ThreadID=4783736 Component=ngl-lib_SPVerifier Description="IsValidSignedProfile: Signature verification success"
SessionID=e29064e7-4243-4ea3-9a9f-f0da7cdefcb8.1761929170908 Timestamp=2025-10-31T11:46:11:224-0500 ThreadID=4783736 Component=ngl-lib_ServerConfiguredControlProfile Description="SetKeychainRouteToNGLU: setting mKeychainRouteToNGLU = 0 "
SessionID=e29064e7-4243-4ea3-9a9f-f0da7cdefcb8.1761929170908 Timestamp=2025-10-31T11:46:11:226-0500 ThreadID=4783736 Component=ngl-lib_DataStorageFs Description="GetItemFromFsStorageImpl: key: Username; status: 8"
SessionID=e29064e7-4243-4ea3-9a9f-f0da7cdefcb8.1761929170908 Timestamp=2025-10-31T11:46:11:226-0500 ThreadID=4783736 Component=ngl-lib_COPWebAPIConnector Description="FetchSPAndWorkflow: Fetching Information for User : Req-Id-7d152aa6-0c1a-4d1d-836f-abaf7bbd2b39"
SessionID=e29064e7-4243-4ea3-9a9f-f0da7cdefcb8.1761929170908 Timestamp=2025-10-31T11:46:11:226-0500 ThreadID=4783736 Component=ngl-lib_HttpRestConnectorForPost Description="SendHttpRequestSync: Request about to start"
SessionID=e29064e7-4243-4ea3-9a9f-f0da7cdefcb8.1761929170908 Timestamp=2025-10-31T11:46:11:226-0500 ThreadID=4783736 Component=ngl-lib_HTTPRequestMac Description="SendHttpRequestSyncInternal: Calling endpoint https://lcs-cops.adobe.io/desktops/access_profile/v3"
SessionID=4b41c8fa-403a-4b06-8055-815e934795ca.1761597014908 Timestamp=2025-10-31T11:46:11:237-0500 ThreadID=12901 Component=ngl-lib_SSOWatcher Description="ProcessSSOFileData: IMS Active event detected"
SessionID=e29064e7-4243-4ea3-9a9f-f0da7cdefcb8.1761929170908 Timestamp=2025-10-31T11:46:11:389-0500 ThreadID=4783062 Component=ngl-lib_HttpRequestDelegate Description="didReceiveResponse: Received Response with status 304"
SessionID=e29064e7-4243-4ea3-9a9f-f0da7cdefcb8.1761929170908 Timestamp=2025-10-31T11:46:11:389-0500 ThreadID=4783062 Component=ngl-lib_HttpRequestDelegate Description="didCompleteWithError: Got empty response"
SessionID=e29064e7-4243-4ea3-9a9f-f0da7cdefcb8.1761929170908 Timestamp=2025-10-31T11:46:11:389-0500 ThreadID=4783736 Component=ngl-lib_HttpRestConnectorForPost Description="SendHttpRequestSync: Request complete"
SessionID=e29064e7-4243-4ea3-9a9f-f0da7cdefcb8.1761929170908 Timestamp=2025-10-31T11:46:11:389-0500 ThreadID=4783736 Component=ngl-lib_COPWebAPIConnector Description="FetchSPAndWorkflow: X-Request-Id: Req-Id-7d152aa6-0c1a-4d1d-836f-abaf7bbd2b39"
SessionID=e29064e7-4243-4ea3-9a9f-f0da7cdefcb8.1761929170908 Timestamp=2025-10-31T11:46:11:389-0500 ThreadID=4783736 Component=ngl-lib_COPWebAPIConnector Description="FetchSPAndWorkflow: X-NGL-Desktop-ASNP-Flags: "
SessionID=e29064e7-4243-4ea3-9a9f-f0da7cdefcb8.1761929170908 Timestamp=2025-10-31T11:46:11:389-0500 ThreadID=4783736 Component=ngl-lib_COPWebAPIConnector Description="FetchSPAndWorkflow: Received 204/304 in http request"
SessionID=e29064e7-4243-4ea3-9a9f-f0da7cdefcb8.1761929170908 Timestamp=2025-10-31T11:46:11:389-0500 ThreadID=4783736 Component=ngl-lib_NamedUserCOPRetriever Description="GetCOP : Recieved a 204 "
SessionID=e29064e7-4243-4ea3-9a9f-f0da7cdefcb8.1761929170908 Timestamp=2025-10-31T11:46:11:390-0500 ThreadID=4783736 Component=ngl-lib_DataStorageFs Description="GetItemFromFsStorageImpl: key: User DT; status: 0"
SessionID=e29064e7-4243-4ea3-9a9f-f0da7cdefcb8.1761929170908 Timestamp=2025-10-31T11:46:11:390-0500 ThreadID=4783736 Component=ngl-lib_NUSecureProfileFetcher ErrorID=COPRetrieverStatus:13 Description="GetDeviceTokenAndProfile : We have a valid access token but could not reach COPS, fill in userprofile from IMS"
SessionID=e29064e7-4243-4ea3-9a9f-f0da7cdefcb8.1761929170908 Timestamp=2025-10-31T11:46:11:390-0500 ThreadID=4783736 Component=ngl-lib_NglAppLib ErrorID=110 Description="GetLatestNglProfile Status: Unhandled Error"
SessionID=e29064e7-4243-4ea3-9a9f-f0da7cdefcb8.1761929170908 Timestamp=2025-10-31T11:46:11:390-0500 ThreadID=4783736 Component=ngl-lib_NglController Description="ProcessV2Profile: mIsTempLicense=0"
SessionID=e29064e7-4243-4ea3-9a9f-f0da7cdefcb8.1761929170908 Timestamp=2025-10-31T11:46:11:391-0500 ThreadID=4783736 Component=ngl-lib_NglController Description="ONGLPP: request id: 2 api: 0 call-status: 110 profile-status: 110 sequence: initial workflow?: no spinner?: no"
SessionID=e29064e7-4243-4ea3-9a9f-f0da7cdefcb8.1761929170908 Timestamp=2025-10-31T11:46:11:391-0500 ThreadID=4783736 Component=ngl-lib_NglController Description="HandleV2Response: Handle NUL response (request 2 type 4 status 110 sequence initial)"
SessionID=e29064e7-4243-4ea3-9a9f-f0da7cdefcb8.1761929170908 Timestamp=2025-10-31T11:46:11:391-0500 ThreadID=4783736 Component=ngl-lib_NglController Description="ProcessV2Profile: request id: 2 api: 0 call-status: 110 profile-status: 110 sequence: initial workflow?: no spinner?: no"
SessionID=e29064e7-4243-4ea3-9a9f-f0da7cdefcb8.1761929170908 Timestamp=2025-10-31T11:46:11:391-0500 ThreadID=4783736 Component=ngl-lib_NglController Description="ProcessV2Profile: Initial profile fetch got NO CONTENT response from server, use cached profile"
SessionID=e29064e7-4243-4ea3-9a9f-f0da7cdefcb8.1761929170908 Timestamp=2025-10-31T11:46:11:391-0500 ThreadID=4783736 Component=ngl-lib_NglController Description="ProcessV2Profile: Initial profile failure: licensed from cache (profile status 0)"
SessionID=e29064e7-4243-4ea3-9a9f-f0da7cdefcb8.1761929170908 Timestamp=2025-10-31T11:46:11:391-0500 ThreadID=4783736 Component=ngl-lib_NglController Description="LogCurrentUser: Cached UserID=af14400a5e7c82fc7667b21dae20f5de97f35bdb"
SessionID=e29064e7-4243-4ea3-9a9f-f0da7cdefcb8.1761929170908 Timestamp=2025-10-31T11:46:11:391-0500 ThreadID=4783736 Component=ngl-lib_NglController Description="NotifyData: request id: 2 api: 0"
SessionID=e29064e7-4243-4ea3-9a9f-f0da7cdefcb8.1761929170908 Timestamp=2025-10-31T11:46:11:391-0500 ThreadID=4783736 Component=ngl-lib_NglController Description="GetProfile: request 2 recieved"
SessionID=e29064e7-4243-4ea3-9a9f-f0da7cdefcb8.1761929170908 Timestamp=2025-10-31T11:46:11:391-0500 ThreadID=4783736 Component=ngl-lib_NglController Description="GetProfile: request 2 returned status 0"
SessionID=e29064e7-4243-4ea3-9a9f-f0da7cdefcb8.1761929170908 Timestamp=2025-10-31T11:46:11:391-0500 ThreadID=4783736 Component=ngl-lib_NglSDKInterface Description="SetLatestProfileDataId: invoked with id: 2"
SessionID=e29064e7-4243-4ea3-9a9f-f0da7cdefcb8.1761929170908 Timestamp=2025-10-31T11:46:11:391-0500 ThreadID=4783736 Component=ngl-lib_NglController Description="StartRecurringAuthAndProfileChecks: invoked"
SessionID=e29064e7-4243-4ea3-9a9f-f0da7cdefcb8.1761929170908 Timestamp=2025-10-31T11:46:11:391-0500 ThreadID=4783736 Component=ngl-lib_NglController Description="EnableProfileRefresh: invoked"
SessionID=e29064e7-4243-4ea3-9a9f-f0da7cdefcb8.1761929170908 Timestamp=2025-10-31T11:46:11:392-0500 ThreadID=4783760 Component=ngl-lib_NglFeatureManager Description="GetFlagsFromFs: Finished with status: 0 | OsErrorCode: 0 | OsErrorDesc: "
SessionID=e29064e7-4243-4ea3-9a9f-f0da7cdefcb8.1761929170908 Timestamp=2025-10-31T11:46:11:392-0500 ThreadID=4783760 Component=ngl-lib_OSUtils Description="GetConfigValueFromRegOrPlist: finished with status 0 value:"
SessionID=e29064e7-4243-4ea3-9a9f-f0da7cdefcb8.1761929170908 Timestamp=2025-10-31T11:46:11:392-0500 ThreadID=4783760 Component=ngl-lib_NglFeatureManager Description="ProcessClientJson: client details for client ID Ngl_1_41 is empty"
SessionID=e29064e7-4243-4ea3-9a9f-f0da7cdefcb8.1761929170908 Timestamp=2025-10-31T11:46:11:392-0500 ThreadID=4783760 Component=ngl-lib_NglFeatureManager Description="ProcessClientJson: client details for client ID Ngl_AcrobatDC1 is empty"
SessionID=e29064e7-4243-4ea3-9a9f-f0da7cdefcb8.1761929170908 Timestamp=2025-10-31T11:46:11:392-0500 ThreadID=4783760 Component=ngl-lib_NglFeatureManager Description="FetchFlagsAsync : FetchFlags returned with status code: 15"
SessionID=e29064e7-4243-4ea3-9a9f-f0da7cdefcb8.1761929170908 Timestamp=2025-10-31T11:46:11:418-0500 ThreadID=4783034 Component=ngl-lib_NglController Description="GetProfile: request 2 recieved"
SessionID=e29064e7-4243-4ea3-9a9f-f0da7cdefcb8.1761929170908 Timestamp=2025-10-31T11:46:11:418-0500 ThreadID=4783034 Component=ngl-lib_NglController Description="GetProfile: request 2 returned status 0"
SessionID=e29064e7-4243-4ea3-9a9f-f0da7cdefcb8.1761929170908 Timestamp=2025-10-31T11:46:11:418-0500 ThreadID=4783034 Component=ngl-lib_NglController Description="GetAMTData: invoked"
SessionID=e29064e7-4243-4ea3-9a9f-f0da7cdefcb8.1761929170908 Timestamp=2025-10-31T11:46:11:418-0500 ThreadID=4783034 Component=ngl-lib_NglController Description="GetIntersectionOfLocalesList: invoked with Passed locales list as en_US"
SessionID=e29064e7-4243-4ea3-9a9f-f0da7cdefcb8.1761929170908 Timestamp=2025-10-31T11:46:11:418-0500 ThreadID=4783034 Component=ngl-lib_NglController Description="GetIntersectionOfLocalesList: Reordered locales list is identical to passed locales as no installed locales were found."
SessionID=e29064e7-4243-4ea3-9a9f-f0da7cdefcb8.1761929170908 Timestamp=2025-10-31T11:46:11:419-0500 ThreadID=4783034 Component=ngl-lib_DataStorageFs Description="GetItemFromFsStorageImpl: key: User DT; status: 0"
SessionID=e29064e7-4243-4ea3-9a9f-f0da7cdefcb8.1761929170908 Timestamp=2025-10-31T11:46:11:419-0500 ThreadID=4783034 Component=ngl-lib_NglController Description="GetProxyCredentials: invoked"
SessionID=e29064e7-4243-4ea3-9a9f-f0da7cdefcb8.1761929170908 Timestamp=2025-10-31T11:46:11:419-0500 ThreadID=4783034 Component=ngl-lib_DataStorageFs Description="GetItemFromFsStorageImpl: key: Username; status: 8"
SessionID=e29064e7-4243-4ea3-9a9f-f0da7cdefcb8.1761929170908 Timestamp=2025-10-31T11:46:11:420-0500 ThreadID=4783034 Component=ngl-lib_NglCommonLib Description="GetProxyCredentials - returned with : SecureStorageStatus:8 & NglStatusCode:242"
SessionID=e29064e7-4243-4ea3-9a9f-f0da7cdefcb8.1761929170908 Timestamp=2025-10-31T11:46:11:527-0500 ThreadID=4783034 Component=ngl-lib_NglController Description="GetProxyCredentials: invoked"
SessionID=e29064e7-4243-4ea3-9a9f-f0da7cdefcb8.1761929170908 Timestamp=2025-10-31T11:46:11:528-0500 ThreadID=4783034 Component=ngl-lib_DataStorageFs Description="GetItemFromFsStorageImpl: key: Username; status: 8"
SessionID=e29064e7-4243-4ea3-9a9f-f0da7cdefcb8.1761929170908 Timestamp=2025-10-31T11:46:11:528-0500 ThreadID=4783034 Component=ngl-lib_NglCommonLib Description="GetProxyCredentials - returned with : SecureStorageStatus:8 & NglStatusCode:242"
SessionID=e29064e7-4243-4ea3-9a9f-f0da7cdefcb8.1761929170908 Timestamp=2025-10-31T11:46:11:528-0500 ThreadID=4783034 Component=ngl-lib_NglController Description="GetCurrentUserEmail: invoked"
SessionID=e29064e7-4243-4ea3-9a9f-f0da7cdefcb8.1761929170908 Timestamp=2025-10-31T11:46:15:931-0500 ThreadID=4783724 Component=ngl-lib_OSUtils Description="GetConfigValueFromRegOrPlist: finished with status 0 value:"
SessionID=e29064e7-4243-4ea3-9a9f-f0da7cdefcb8.1761929170908 Timestamp=2025-10-31T11:46:15:986-0500 ThreadID=4783724 Component=ngl-lib_NglController Description="PostLogFile: Too many log files combined all versions of the app, discarding old 1 files before uploading"
SessionID=4b41c8fa-403a-4b06-8055-815e934795ca.1761597014908 Timestamp=2025-10-31T11:51:50:737-0500 ThreadID=12746 Component=ngl-lib_DataStorageFs Description="SetLegacyStorageSupported: mLegacyStorageSupported set to 1"
SessionID=4b41c8fa-403a-4b06-8055-815e934795ca.1761597014908 Timestamp=2025-10-31T11:51:50:739-0500 ThreadID=12746 Component=ngl-lib_DataStorageFs Description="SetLegacyStorageSupportedFromCapabilityFile: status: 8"
SessionID=4b41c8fa-403a-4b06-8055-815e934795ca.1761597014908 Timestamp=2025-10-31T11:51:50:739-0500 ThreadID=12746 Component=ngl-lib_DataStorageFs Description="SetFsFlagsFromConfigFile: status: 0"
SessionID=4b41c8fa-403a-4b06-8055-815e934795ca.1761597014908 Timestamp=2025-10-31T11:51:50:740-0500 ThreadID=12746 Component=ngl-lib_SyncManager Description="RecurringSync: Executing the pending sync for key Package Info..."
SessionID=4b41c8fa-403a-4b06-8055-815e934795ca.1761597014908 Timestamp=2025-10-31T11:51:50:756-0500 ThreadID=12746 Component=ngl-lib_SyncManager Description="SyncRunnable: returnStatus: 8, lSyncAction: 0, key: Package Info"
SessionID=4b41c8fa-403a-4b06-8055-815e934795ca.1761597014908 Timestamp=2025-10-31T11:51:50:756-0500 ThreadID=12746 Component=ngl-lib_SyncManager Description="RecurringSync: Executing the pending sync for key Password..."
SessionID=4b41c8fa-403a-4b06-8055-815e934795ca.1761597014908 Timestamp=2025-10-31T11:51:50:758-0500 ThreadID=12746 Component=ngl-lib_SyncManager Description="SyncRunnable: returnStatus: 8, lSyncAction: 0, key: Password"
SessionID=4b41c8fa-403a-4b06-8055-815e934795ca.1761597014908 Timestamp=2025-10-31T11:51:50:758-0500 ThreadID=12746 Component=ngl-lib_SyncManager Description="RecurringSync: Executing the pending sync for key User DT..."
SessionID=4b41c8fa-403a-4b06-8055-815e934795ca.1761597014908 Timestamp=2025-10-31T11:51:50:759-0500 ThreadID=12746 Component=ngl-lib_SyncManager Description="SyncRunnable: returnStatus: 8, lSyncAction: 0, key: User DT"
SessionID=4b41c8fa-403a-4b06-8055-815e934795ca.1761597014908 Timestamp=2025-10-31T11:51:50:759-0500 ThreadID=12746 Component=ngl-lib_SyncManager Description="RecurringSync: Executing the pending sync for key User OS Info..."
SessionID=4b41c8fa-403a-4b06-8055-815e934795ca.1761597014908 Timestamp=2025-10-31T11:51:50:760-0500 ThreadID=12746 Component=ngl-lib_SyncManager Description="SyncRunnable: returnStatus: 8, lSyncAction: 0, key: User OS Info"
SessionID=4b41c8fa-403a-4b06-8055-815e934795ca.1761597014908 Timestamp=2025-10-31T11:51:50:760-0500 ThreadID=12746 Component=ngl-lib_SyncManager Description="RecurringSync: Executing the pending sync for key User Profile..."
SessionID=4b41c8fa-403a-4b06-8055-815e934795ca.1761597014908 Timestamp=2025-10-31T11:51:50:761-0500 ThreadID=12746 Component=ngl-lib_SyncManager Description="SyncRunnable: returnStatus: 8, lSyncAction: 0, key: User Profile"
SessionID=4b41c8fa-403a-4b06-8055-815e934795ca.1761597014908 Timestamp=2025-10-31T11:51:50:761-0500 ThreadID=12746 Component=ngl-lib_SyncManager Description="RecurringSync: Executing the pending sync for key Username..."
SessionID=4b41c8fa-403a-4b06-8055-815e934795ca.1761597014908 Timestamp=2025-10-31T11:51:50:761-0500 ThreadID=12746 Component=ngl-lib_SyncManager Description="SyncRunnable: returnStatus: 8, lSyncAction: 0, key: Username"
SessionID=e29064e7-4243-4ea3-9a9f-f0da7cdefcb8.1761929170908 Timestamp=2025-10-31T12:01:13:390-0500 ThreadID=4783722 Component=ngl-lib_DataStorageFs Description="SetLegacyStorageSupported: mLegacyStorageSupported set to 1"
SessionID=e29064e7-4243-4ea3-9a9f-f0da7cdefcb8.1761929170908 Timestamp=2025-10-31T12:01:13:393-0500 ThreadID=4783722 Component=ngl-lib_DataStorageFs Description="SetLegacyStorageSupportedFromCapabilityFile: status: 8"
SessionID=e29064e7-4243-4ea3-9a9f-f0da7cdefcb8.1761929170908 Timestamp=2025-10-31T12:01:13:395-0500 ThreadID=4783722 Component=ngl-lib_DataStorageFs Description="SetFsFlagsFromConfigFile: status: 0"
SessionID=e29064e7-4243-4ea3-9a9f-f0da7cdefcb8.1761929170908 Timestamp=2025-10-31T12:01:13:397-0500 ThreadID=4783722 Component=ngl-lib_SyncManager Description="RecurringSync: Executing the pending sync for key Package Info..."
SessionID=e29064e7-4243-4ea3-9a9f-f0da7cdefcb8.1761929170908 Timestamp=2025-10-31T12:01:13:442-0500 ThreadID=4783722 Component=ngl-lib_SyncManager Description="SyncRunnable: returnStatus: 8, lSyncAction: 0, key: Package Info"
SessionID=e29064e7-4243-4ea3-9a9f-f0da7cdefcb8.1761929170908 Timestamp=2025-10-31T12:01:13:443-0500 ThreadID=4783722 Component=ngl-lib_SyncManager Description="RecurringSync: Executing the pending sync for key Password..."
SessionID=e29064e7-4243-4ea3-9a9f-f0da7cdefcb8.1761929170908 Timestamp=2025-10-31T12:01:13:446-0500 ThreadID=4783722 Component=ngl-lib_SyncManager Description="SyncRunnable: returnStatus: 8, lSyncAction: 0, key: Password"
SessionID=e29064e7-4243-4ea3-9a9f-f0da7cdefcb8.1761929170908 Timestamp=2025-10-31T12:01:13:447-0500 ThreadID=4783722 Component=ngl-lib_SyncManager Description="RecurringSync: Executing the pending sync for key User DT..."
SessionID=e29064e7-4243-4ea3-9a9f-f0da7cdefcb8.1761929170908 Timestamp=2025-10-31T12:01:13:452-0500 ThreadID=4783722 Component=ngl-lib_SyncManager Description="SyncRunnable: returnStatus: 8, lSyncAction: 0, key: User DT"
SessionID=e29064e7-4243-4ea3-9a9f-f0da7cdefcb8.1761929170908 Timestamp=2025-10-31T12:01:13:452-0500 ThreadID=4783722 Component=ngl-lib_SyncManager Description="RecurringSync: Executing the pending sync for key User OS Info..."
SessionID=e29064e7-4243-4ea3-9a9f-f0da7cdefcb8.1761929170908 Timestamp=2025-10-31T12:01:13:455-0500 ThreadID=4783722 Component=ngl-lib_SyncManager Description="SyncRunnable: returnStatus: 8, lSyncAction: 0, key: User OS Info"
SessionID=e29064e7-4243-4ea3-9a9f-f0da7cdefcb8.1761929170908 Timestamp=2025-10-31T12:01:13:455-0500 ThreadID=4783722 Component=ngl-lib_SyncManager Description="RecurringSync: Executing the pending sync for key User Profile..."
SessionID=e29064e7-4243-4ea3-9a9f-f0da7cdefcb8.1761929170908 Timestamp=2025-10-31T12:01:13:457-0500 ThreadID=4783722 Component=ngl-lib_SyncManager Description="SyncRunnable: returnStatus: 8, lSyncAction: 0, key: User Profile"
SessionID=e29064e7-4243-4ea3-9a9f-f0da7cdefcb8.1761929170908 Timestamp=2025-10-31T12:01:13:457-0500 ThreadID=4783722 Component=ngl-lib_SyncManager Description="RecurringSync: Executing the pending sync for key Username..."
SessionID=e29064e7-4243-4ea3-9a9f-f0da7cdefcb8.1761929170908 Timestamp=2025-10-31T12:01:13:459-0500 ThreadID=4783722 Component=ngl-lib_SyncManager Description="SyncRunnable: returnStatus: 8, lSyncAction: 0, key: Username"
SessionID=4b41c8fa-403a-4b06-8055-815e934795ca.1761597014908 Timestamp=2025-10-31T12:06:55:697-0500 ThreadID=12746 Component=ngl-lib_DataStorageFs Description="SetLegacyStorageSupported: mLegacyStorageSupported set to 1"
SessionID=4b41c8fa-403a-4b06-8055-815e934795ca.1761597014908 Timestamp=2025-10-31T12:06:55:699-0500 ThreadID=12746 Component=ngl-lib_DataStorageFs Description="SetLegacyStorageSupportedFromCapabilityFile: status: 8"
SessionID=4b41c8fa-403a-4b06-8055-815e934795ca.1761597014908 Timestamp=2025-10-31T12:06:55:700-0500 ThreadID=12746 Component=ngl-lib_DataStorageFs Description="SetFsFlagsFromConfigFile: status: 0"
SessionID=4b41c8fa-403a-4b06-8055-815e934795ca.1761597014908 Timestamp=2025-10-31T12:06:55:700-0500 ThreadID=12746 Component=ngl-lib_SyncManager Description="RecurringSync: Executing the pending sync for key Package Info..."
SessionID=4b41c8fa-403a-4b06-8055-815e934795ca.1761597014908 Timestamp=2025-10-31T12:06:55:723-0500 ThreadID=12746 Component=ngl-lib_SyncManager Description="SyncRunnable: returnStatus: 8, lSyncAction: 0, key: Package Info"
SessionID=4b41c8fa-403a-4b06-8055-815e934795ca.1761597014908 Timestamp=2025-10-31T12:06:55:723-0500 ThreadID=12746 Component=ngl-lib_SyncManager Description="RecurringSync: Executing the pending sync for key Password..."
SessionID=4b41c8fa-403a-4b06-8055-815e934795ca.1761597014908 Timestamp=2025-10-31T12:06:55:724-0500 ThreadID=12746 Component=ngl-lib_SyncManager Description="SyncRunnable: returnStatus: 8, lSyncAction: 0, key: Password"
SessionID=4b41c8fa-403a-4b06-8055-815e934795ca.1761597014908 Timestamp=2025-10-31T12:06:55:724-0500 ThreadID=12746 Component=ngl-lib_SyncManager Description="RecurringSync: Executing the pending sync for key User DT..."
SessionID=4b41c8fa-403a-4b06-8055-815e934795ca.1761597014908 Timestamp=2025-10-31T12:06:55:725-0500 ThreadID=12746 Component=ngl-lib_SyncManager Description="SyncRunnable: returnStatus: 8, lSyncAction: 0, key: User DT"
SessionID=4b41c8fa-403a-4b06-8055-815e934795ca.1761597014908 Timestamp=2025-10-31T12:06:55:725-0500 ThreadID=12746 Component=ngl-lib_SyncManager Description="RecurringSync: Executing the pending sync for key User OS Info..."
SessionID=4b41c8fa-403a-4b06-8055-815e934795ca.1761597014908 Timestamp=2025-10-31T12:06:55:726-0500 ThreadID=12746 Component=ngl-lib_SyncManager Description="SyncRunnable: returnStatus: 8, lSyncAction: 0, key: User OS Info"
SessionID=4b41c8fa-403a-4b06-8055-815e934795ca.1761597014908 Timestamp=2025-10-31T12:06:55:726-0500 ThreadID=12746 Component=ngl-lib_SyncManager Description="RecurringSync: Executing the pending sync for key User Profile..."
SessionID=4b41c8fa-403a-4b06-8055-815e934795ca.1761597014908 Timestamp=2025-10-31T12:06:55:727-0500 ThreadID=12746 Component=ngl-lib_SyncManager Description="SyncRunnable: returnStatus: 8, lSyncAction: 0, key: User Profile"
SessionID=4b41c8fa-403a-4b06-8055-815e934795ca.1761597014908 Timestamp=2025-10-31T12:06:55:727-0500 ThreadID=12746 Component=ngl-lib_SyncManager Description="RecurringSync: Executing the pending sync for key Username..."
SessionID=4b41c8fa-403a-4b06-8055-815e934795ca.1761597014908 Timestamp=2025-10-31T12:06:55:727-0500 ThreadID=12746 Component=ngl-lib_SyncManager Description="SyncRunnable: returnStatus: 8, lSyncAction: 0, key: Username"
SessionID=4b41c8fa-403a-4b06-8055-815e934795ca.1761597014908 Timestamp=2025-10-31T12:14:02:517-0500 ThreadID=12748 Component=ngl-lib_OSUtils Description="GetConfigValueFromRegOrPlist: finished with status 0 value:"
SessionID=e29064e7-4243-4ea3-9a9f-f0da7cdefcb8.1761929170908 Timestamp=2025-10-31T12:16:16:027-0500 ThreadID=4783724 Component=ngl-lib_OSUtils Description="GetConfigValueFromRegOrPlist: finished with status 0 value:"
SessionID=e29064e7-4243-4ea3-9a9f-f0da7cdefcb8.1761929170908 Timestamp=2025-10-31T12:16:23:211-0500 ThreadID=4783722 Component=ngl-lib_DataStorageFs Description="SetLegacyStorageSupported: mLegacyStorageSupported set to 1"
SessionID=e29064e7-4243-4ea3-9a9f-f0da7cdefcb8.1761929170908 Timestamp=2025-10-31T12:16:23:212-0500 ThreadID=4783722 Component=ngl-lib_DataStorageFs Description="SetLegacyStorageSupportedFromCapabilityFile: status: 8"
SessionID=e29064e7-4243-4ea3-9a9f-f0da7cdefcb8.1761929170908 Timestamp=2025-10-31T12:16:23:212-0500 ThreadID=4783722 Component=ngl-lib_DataStorageFs Description="SetFsFlagsFromConfigFile: status: 0"
SessionID=e29064e7-4243-4ea3-9a9f-f0da7cdefcb8.1761929170908 Timestamp=2025-10-31T12:16:23:212-0500 ThreadID=4783722 Component=ngl-lib_SyncManager Description="RecurringSync: Executing the pending sync for key Package Info..."
SessionID=e29064e7-4243-4ea3-9a9f-f0da7cdefcb8.1761929170908 Timestamp=2025-10-31T12:16:23:232-0500 ThreadID=4783722 Component=ngl-lib_SyncManager Description="SyncRunnable: returnStatus: 8, lSyncAction: 0, key: Package Info"
SessionID=e29064e7-4243-4ea3-9a9f-f0da7cdefcb8.1761929170908 Timestamp=2025-10-31T12:16:23:233-0500 ThreadID=4783722 Component=ngl-lib_SyncManager Description="RecurringSync: Executing the pending sync for key Password..."
SessionID=e29064e7-4243-4ea3-9a9f-f0da7cdefcb8.1761929170908 Timestamp=2025-10-31T12:16:23:234-0500 ThreadID=4783722 Component=ngl-lib_SyncManager Description="SyncRunnable: returnStatus: 8, lSyncAction: 0, key: Password"
SessionID=e29064e7-4243-4ea3-9a9f-f0da7cdefcb8.1761929170908 Timestamp=2025-10-31T12:16:23:234-0500 ThreadID=4783722 Component=ngl-lib_SyncManager Description="RecurringSync: Executing the pending sync for key User DT..."
SessionID=e29064e7-4243-4ea3-9a9f-f0da7cdefcb8.1761929170908 Timestamp=2025-10-31T12:16:23:236-0500 ThreadID=4783722 Component=ngl-lib_SyncManager Description="SyncRunnable: returnStatus: 8, lSyncAction: 0, key: User DT"
SessionID=e29064e7-4243-4ea3-9a9f-f0da7cdefcb8.1761929170908 Timestamp=2025-10-31T12:16:23:236-0500 ThreadID=4783722 Component=ngl-lib_SyncManager Description="RecurringSync: Executing the pending sync for key User OS Info..."
SessionID=e29064e7-4243-4ea3-9a9f-f0da7cdefcb8.1761929170908 Timestamp=2025-10-31T12:16:23:238-0500 ThreadID=4783722 Component=ngl-lib_SyncManager Description="SyncRunnable: returnStatus: 8, lSyncAction: 0, key: User OS Info"
SessionID=e29064e7-4243-4ea3-9a9f-f0da7cdefcb8.1761929170908 Timestamp=2025-10-31T12:16:23:238-0500 ThreadID=4783722 Component=ngl-lib_SyncManager Description="RecurringSync: Executing the pending sync for key User Profile..."
SessionID=e29064e7-4243-4ea3-9a9f-f0da7cdefcb8.1761929170908 Timestamp=2025-10-31T12:16:23:239-0500 ThreadID=4783722 Component=ngl-lib_SyncManager Description="SyncRunnable: returnStatus: 8, lSyncAction: 0, key: User Profile"
SessionID=e29064e7-4243-4ea3-9a9f-f0da7cdefcb8.1761929170908 Timestamp=2025-10-31T12:16:23:239-0500 ThreadID=4783722 Component=ngl-lib_SyncManager Description="RecurringSync: Executing the pending sync for key Username..."
SessionID=e29064e7-4243-4ea3-9a9f-f0da7cdefcb8.1761929170908 Timestamp=2025-10-31T12:16:23:240-0500 ThreadID=4783722 Component=ngl-lib_SyncManager Description="SyncRunnable: returnStatus: 8, lSyncAction: 0, key: Username"
SessionID=4b41c8fa-403a-4b06-8055-815e934795ca.1761597014908 Timestamp=2025-10-31T12:22:05:575-0500 ThreadID=12746 Component=ngl-lib_DataStorageFs Description="SetLegacyStorageSupported: mLegacyStorageSupported set to 1"
SessionID=4b41c8fa-403a-4b06-8055-815e934795ca.1761597014908 Timestamp=2025-10-31T12:22:05:576-0500 ThreadID=12746 Component=ngl-lib_DataStorageFs Description="SetLegacyStorageSupportedFromCapabilityFile: status: 8"
SessionID=4b41c8fa-403a-4b06-8055-815e934795ca.1761597014908 Timestamp=2025-10-31T12:22:05:576-0500 ThreadID=12746 Component=ngl-lib_DataStorageFs Description="SetFsFlagsFromConfigFile: status: 0"
SessionID=4b41c8fa-403a-4b06-8055-815e934795ca.1761597014908 Timestamp=2025-10-31T12:22:05:577-0500 ThreadID=12746 Component=ngl-lib_SyncManager Description="RecurringSync: Executing the pending sync for key Package Info..."
SessionID=4b41c8fa-403a-4b06-8055-815e934795ca.1761597014908 Timestamp=2025-10-31T12:22:05:593-0500 ThreadID=12746 Component=ngl-lib_SyncManager Description="SyncRunnable: returnStatus: 8, lSyncAction: 0, key: Package Info"
SessionID=4b41c8fa-403a-4b06-8055-815e934795ca.1761597014908 Timestamp=2025-10-31T12:22:05:593-0500 ThreadID=12746 Component=ngl-lib_SyncManager Description="RecurringSync: Executing the pending sync for key Password..."
SessionID=4b41c8fa-403a-4b06-8055-815e934795ca.1761597014908 Timestamp=2025-10-31T12:22:05:594-0500 ThreadID=12746 Component=ngl-lib_SyncManager Description="SyncRunnable: returnStatus: 8, lSyncAction: 0, key: Password"
SessionID=4b41c8fa-403a-4b06-8055-815e934795ca.1761597014908 Timestamp=2025-10-31T12:22:05:594-0500 ThreadID=12746 Component=ngl-lib_SyncManager Description="RecurringSync: Executing the pending sync for key User DT..."
SessionID=4b41c8fa-403a-4b06-8055-815e934795ca.1761597014908 Timestamp=2025-10-31T12:22:05:595-0500 ThreadID=12746 Component=ngl-lib_SyncManager Description="SyncRunnable: returnStatus: 8, lSyncAction: 0, key: User DT"
SessionID=4b41c8fa-403a-4b06-8055-815e934795ca.1761597014908 Timestamp=2025-10-31T12:22:05:595-0500 ThreadID=12746 Component=ngl-lib_SyncManager Description="RecurringSync: Executing the pending sync for key User OS Info..."
SessionID=4b41c8fa-403a-4b06-8055-815e934795ca.1761597014908 Timestamp=2025-10-31T12:22:05:596-0500 ThreadID=12746 Component=ngl-lib_SyncManager Description="SyncRunnable: returnStatus: 8, lSyncAction: 0, key: User OS Info"
SessionID=4b41c8fa-403a-4b06-8055-815e934795ca.1761597014908 Timestamp=2025-10-31T12:22:05:596-0500 ThreadID=12746 Component=ngl-lib_SyncManager Description="RecurringSync: Executing the pending sync for key User Profile..."
SessionID=4b41c8fa-403a-4b06-8055-815e934795ca.1761597014908 Timestamp=2025-10-31T12:22:05:597-0500 ThreadID=12746 Component=ngl-lib_SyncManager Description="SyncRunnable: returnStatus: 8, lSyncAction: 0, key: User Profile"
SessionID=4b41c8fa-403a-4b06-8055-815e934795ca.1761597014908 Timestamp=2025-10-31T12:22:05:597-0500 ThreadID=12746 Component=ngl-lib_SyncManager Description="RecurringSync: Executing the pending sync for key Username..."
SessionID=4b41c8fa-403a-4b06-8055-815e934795ca.1761597014908 Timestamp=2025-10-31T12:22:05:598-0500 ThreadID=12746 Component=ngl-lib_SyncManager Description="SyncRunnable: returnStatus: 8, lSyncAction: 0, key: Username"
SessionID=4b41c8fa-403a-4b06-8055-815e934795ca.1761597014908 Timestamp=2025-10-31T12:33:41:372-0500 ThreadID=12901 Component=ngl-lib_SSOWatcher Description="ProcessSSOFileData: IMS Active event detected"
SessionID=e29064e7-4243-4ea3-9a9f-f0da7cdefcb8.1761929170908 Timestamp=2025-10-31T12:33:41:381-0500 ThreadID=4783761 Component=ngl-lib_SSOWatcher Description="ProcessSSOFileData: IMS Active event detected"
SessionID=e29064e7-4243-4ea3-9a9f-f0da7cdefcb8.1761929170908 Timestamp=2025-10-31T12:35:54:950-0500 ThreadID=4783722 Component=ngl-lib_DataStorageFs Description="SetLegacyStorageSupported: mLegacyStorageSupported set to 1"
SessionID=e29064e7-4243-4ea3-9a9f-f0da7cdefcb8.1761929170908 Timestamp=2025-10-31T12:35:54:951-0500 ThreadID=4783722 Component=ngl-lib_DataStorageFs Description="SetLegacyStorageSupportedFromCapabilityFile: status: 8"
SessionID=e29064e7-4243-4ea3-9a9f-f0da7cdefcb8.1761929170908 Timestamp=2025-10-31T12:35:54:952-0500 ThreadID=4783722 Component=ngl-lib_DataStorageFs Description="SetFsFlagsFromConfigFile: status: 0"
SessionID=e29064e7-4243-4ea3-9a9f-f0da7cdefcb8.1761929170908 Timestamp=2025-10-31T12:35:54:952-0500 ThreadID=4783722 Component=ngl-lib_SyncManager Description="RecurringSync: Executing the pending sync for key Package Info..."
SessionID=e29064e7-4243-4ea3-9a9f-f0da7cdefcb8.1761929170908 Timestamp=2025-10-31T12:35:54:981-0500 ThreadID=4783722 Component=ngl-lib_SyncManager Description="SyncRunnable: returnStatus: 8, lSyncAction: 0, key: Package Info"
SessionID=e29064e7-4243-4ea3-9a9f-f0da7cdefcb8.1761929170908 Timestamp=2025-10-31T12:35:54:981-0500 ThreadID=4783722 Component=ngl-lib_SyncManager Description="RecurringSync: Executing the pending sync for key Password..."
SessionID=e29064e7-4243-4ea3-9a9f-f0da7cdefcb8.1761929170908 Timestamp=2025-10-31T12:35:54:982-0500 ThreadID=4783722 Component=ngl-lib_SyncManager Description="SyncRunnable: returnStatus: 8, lSyncAction: 0, key: Password"
SessionID=e29064e7-4243-4ea3-9a9f-f0da7cdefcb8.1761929170908 Timestamp=2025-10-31T12:35:54:983-0500 ThreadID=4783722 Component=ngl-lib_SyncManager Description="RecurringSync: Executing the pending sync for key User DT..."
SessionID=e29064e7-4243-4ea3-9a9f-f0da7cdefcb8.1761929170908 Timestamp=2025-10-31T12:35:54:984-0500 ThreadID=4783722 Component=ngl-lib_SyncManager Description="SyncRunnable: returnStatus: 8, lSyncAction: 0, key: User DT"
SessionID=e29064e7-4243-4ea3-9a9f-f0da7cdefcb8.1761929170908 Timestamp=2025-10-31T12:35:54:985-0500 ThreadID=4783722 Component=ngl-lib_SyncManager Description="RecurringSync: Executing the pending sync for key User OS Info..."
SessionID=e29064e7-4243-4ea3-9a9f-f0da7cdefcb8.1761929170908 Timestamp=2025-10-31T12:35:54:986-0500 ThreadID=4783722 Component=ngl-lib_SyncManager Description="SyncRunnable: returnStatus: 8, lSyncAction: 0, key: User OS Info"
SessionID=e29064e7-4243-4ea3-9a9f-f0da7cdefcb8.1761929170908 Timestamp=2025-10-31T12:35:54:987-0500 ThreadID=4783722 Component=ngl-lib_SyncManager Description="RecurringSync: Executing the pending sync for key User Profile..."
SessionID=e29064e7-4243-4ea3-9a9f-f0da7cdefcb8.1761929170908 Timestamp=2025-10-31T12:35:54:988-0500 ThreadID=4783722 Component=ngl-lib_SyncManager Description="SyncRunnable: returnStatus: 8, lSyncAction: 0, key: User Profile"
SessionID=e29064e7-4243-4ea3-9a9f-f0da7cdefcb8.1761929170908 Timestamp=2025-10-31T12:35:54:989-0500 ThreadID=4783722 Component=ngl-lib_SyncManager Description="RecurringSync: Executing the pending sync for key Username..."
SessionID=e29064e7-4243-4ea3-9a9f-f0da7cdefcb8.1761929170908 Timestamp=2025-10-31T12:35:54:990-0500 ThreadID=4783722 Component=ngl-lib_SyncManager Description="SyncRunnable: returnStatus: 8, lSyncAction: 0, key: Username"
SessionID=4b41c8fa-403a-4b06-8055-815e934795ca.1761597014908 Timestamp=2025-10-31T12:41:36:214-0500 ThreadID=12746 Component=ngl-lib_DataStorageFs Description="SetLegacyStorageSupported: mLegacyStorageSupported set to 1"
SessionID=4b41c8fa-403a-4b06-8055-815e934795ca.1761597014908 Timestamp=2025-10-31T12:41:36:215-0500 ThreadID=12746 Component=ngl-lib_DataStorageFs Description="SetLegacyStorageSupportedFromCapabilityFile: status: 8"
SessionID=4b41c8fa-403a-4b06-8055-815e934795ca.1761597014908 Timestamp=2025-10-31T12:41:36:216-0500 ThreadID=12746 Component=ngl-lib_DataStorageFs Description="SetFsFlagsFromConfigFile: status: 0"
SessionID=4b41c8fa-403a-4b06-8055-815e934795ca.1761597014908 Timestamp=2025-10-31T12:41:36:217-0500 ThreadID=12746 Component=ngl-lib_SyncManager Description="RecurringSync: Executing the pending sync for key Package Info..."
SessionID=4b41c8fa-403a-4b06-8055-815e934795ca.1761597014908 Timestamp=2025-10-31T12:41:36:231-0500 ThreadID=12746 Component=ngl-lib_SyncManager Description="SyncRunnable: returnStatus: 8, lSyncAction: 0, key: Package Info"
SessionID=4b41c8fa-403a-4b06-8055-815e934795ca.1761597014908 Timestamp=2025-10-31T12:41:36:232-0500 ThreadID=12746 Component=ngl-lib_SyncManager Description="RecurringSync: Executing the pending sync for key Password..."
SessionID=4b41c8fa-403a-4b06-8055-815e934795ca.1761597014908 Timestamp=2025-10-31T12:41:36:233-0500 ThreadID=12746 Component=ngl-lib_SyncManager Description="SyncRunnable: returnStatus: 8, lSyncAction: 0, key: Password"
SessionID=4b41c8fa-403a-4b06-8055-815e934795ca.1761597014908 Timestamp=2025-10-31T12:41:36:233-0500 ThreadID=12746 Component=ngl-lib_SyncManager Description="RecurringSync: Executing the pending sync for key User DT..."
SessionID=4b41c8fa-403a-4b06-8055-815e934795ca.1761597014908 Timestamp=2025-10-31T12:41:36:233-0500 ThreadID=12746 Component=ngl-lib_SyncManager Description="SyncRunnable: returnStatus: 8, lSyncAction: 0, key: User DT"
SessionID=4b41c8fa-403a-4b06-8055-815e934795ca.1761597014908 Timestamp=2025-10-31T12:41:36:233-0500 ThreadID=12746 Component=ngl-lib_SyncManager Description="RecurringSync: Executing the pending sync for key User OS Info..."
SessionID=4b41c8fa-403a-4b06-8055-815e934795ca.1761597014908 Timestamp=2025-10-31T12:41:36:234-0500 ThreadID=12746 Component=ngl-lib_SyncManager Description="SyncRunnable: returnStatus: 8, lSyncAction: 0, key: User OS Info"
SessionID=4b41c8fa-403a-4b06-8055-815e934795ca.1761597014908 Timestamp=2025-10-31T12:41:36:234-0500 ThreadID=12746 Component=ngl-lib_SyncManager Description="RecurringSync: Executing the pending sync for key User Profile..."
SessionID=4b41c8fa-403a-4b06-8055-815e934795ca.1761597014908 Timestamp=2025-10-31T12:41:36:234-0500 ThreadID=12746 Component=ngl-lib_SyncManager Description="SyncRunnable: returnStatus: 8, lSyncAction: 0, key: User Profile"
SessionID=4b41c8fa-403a-4b06-8055-815e934795ca.1761597014908 Timestamp=2025-10-31T12:41:36:234-0500 ThreadID=12746 Component=ngl-lib_SyncManager Description="RecurringSync: Executing the pending sync for key Username..."
SessionID=4b41c8fa-403a-4b06-8055-815e934795ca.1761597014908 Timestamp=2025-10-31T12:41:36:235-0500 ThreadID=12746 Component=ngl-lib_SyncManager Description="SyncRunnable: returnStatus: 8, lSyncAction: 0, key: Username"
SessionID=4b41c8fa-403a-4b06-8055-815e934795ca.1761597014908 Timestamp=2025-10-31T12:48:25:272-0500 ThreadID=12748 Component=ngl-lib_OSUtils Description="GetConfigValueFromRegOrPlist: finished with status 0 value:"
SessionID=e29064e7-4243-4ea3-9a9f-f0da7cdefcb8.1761929170908 Timestamp=2025-10-31T12:50:33:815-0500 ThreadID=4783720 Component=ngl-lib_NglIngestPersistenceHelper Description="ReadPersistedIngestDataFromFs: Finished with status: 8 | OsErrorCode: 0 | OsErrorDesc: "
SessionID=e29064e7-4243-4ea3-9a9f-f0da7cdefcb8.1761929170908 Timestamp=2025-10-31T12:50:33:817-0500 ThreadID=4783720 Component=ngl-lib_NglIngestPersistenceHelper Description="ShouldRetryPersistedEvents: status: 8"
SessionID=e29064e7-4243-4ea3-9a9f-f0da7cdefcb8.1761929170908 Timestamp=2025-10-31T12:50:38:839-0500 ThreadID=4783724 Component=ngl-lib_OSUtils Description="GetConfigValueFromRegOrPlist: finished with status 0 value:"
SessionID=e29064e7-4243-4ea3-9a9f-f0da7cdefcb8.1761929170908 Timestamp=2025-10-31T12:51:04:641-0500 ThreadID=4783722 Component=ngl-lib_DataStorageFs Description="SetLegacyStorageSupported: mLegacyStorageSupported set to 1"
SessionID=e29064e7-4243-4ea3-9a9f-f0da7cdefcb8.1761929170908 Timestamp=2025-10-31T12:51:04:642-0500 ThreadID=4783722 Component=ngl-lib_DataStorageFs Description="SetLegacyStorageSupportedFromCapabilityFile: status: 8"
SessionID=e29064e7-4243-4ea3-9a9f-f0da7cdefcb8.1761929170908 Timestamp=2025-10-31T12:51:04:643-0500 ThreadID=4783722 Component=ngl-lib_DataStorageFs Description="SetFsFlagsFromConfigFile: status: 0"
SessionID=e29064e7-4243-4ea3-9a9f-f0da7cdefcb8.1761929170908 Timestamp=2025-10-31T12:51:04:643-0500 ThreadID=4783722 Component=ngl-lib_SyncManager Description="RecurringSync: Executing the pending sync for key Package Info..."
SessionID=e29064e7-4243-4ea3-9a9f-f0da7cdefcb8.1761929170908 Timestamp=2025-10-31T12:51:04:674-0500 ThreadID=4783722 Component=ngl-lib_SyncManager Description="SyncRunnable: returnStatus: 8, lSyncAction: 0, key: Package Info"
SessionID=e29064e7-4243-4ea3-9a9f-f0da7cdefcb8.1761929170908 Timestamp=2025-10-31T12:51:04:675-0500 ThreadID=4783722 Component=ngl-lib_SyncManager Description="RecurringSync: Executing the pending sync for key Password..."
SessionID=e29064e7-4243-4ea3-9a9f-f0da7cdefcb8.1761929170908 Timestamp=2025-10-31T12:51:04:677-0500 ThreadID=4783722 Component=ngl-lib_SyncManager Description="SyncRunnable: returnStatus: 8, lSyncAction: 0, key: Password"
SessionID=e29064e7-4243-4ea3-9a9f-f0da7cdefcb8.1761929170908 Timestamp=2025-10-31T12:51:04:677-0500 ThreadID=4783722 Component=ngl-lib_SyncManager Description="RecurringSync: Executing the pending sync for key User DT..."
SessionID=e29064e7-4243-4ea3-9a9f-f0da7cdefcb8.1761929170908 Timestamp=2025-10-31T12:51:04:679-0500 ThreadID=4783722 Component=ngl-lib_SyncManager Description="SyncRunnable: returnStatus: 8, lSyncAction: 0, key: User DT"
SessionID=e29064e7-4243-4ea3-9a9f-f0da7cdefcb8.1761929170908 Timestamp=2025-10-31T12:51:04:679-0500 ThreadID=4783722 Component=ngl-lib_SyncManager Description="RecurringSync: Executing the pending sync for key User OS Info..."
SessionID=e29064e7-4243-4ea3-9a9f-f0da7cdefcb8.1761929170908 Timestamp=2025-10-31T12:51:04:681-0500 ThreadID=4783722 Component=ngl-lib_SyncManager Description="SyncRunnable: returnStatus: 8, lSyncAction: 0, key: User OS Info"
SessionID=e29064e7-4243-4ea3-9a9f-f0da7cdefcb8.1761929170908 Timestamp=2025-10-31T12:51:04:681-0500 ThreadID=4783722 Component=ngl-lib_SyncManager Description="RecurringSync: Executing the pending sync for key User Profile..."
SessionID=e29064e7-4243-4ea3-9a9f-f0da7cdefcb8.1761929170908 Timestamp=2025-10-31T12:51:04:683-0500 ThreadID=4783722 Component=ngl-lib_SyncManager Description="SyncRunnable: returnStatus: 8, lSyncAction: 0, key: User Profile"
SessionID=e29064e7-4243-4ea3-9a9f-f0da7cdefcb8.1761929170908 Timestamp=2025-10-31T12:51:04:684-0500 ThreadID=4783722 Component=ngl-lib_SyncManager Description="RecurringSync: Executing the pending sync for key Username..."
SessionID=e29064e7-4243-4ea3-9a9f-f0da7cdefcb8.1761929170908 Timestamp=2025-10-31T12:51:04:685-0500 ThreadID=4783722 Component=ngl-lib_SyncManager Description="SyncRunnable: returnStatus: 8, lSyncAction: 0, key: Username"
SessionID=4b41c8fa-403a-4b06-8055-815e934795ca.1761597014908 Timestamp=2025-10-31T12:56:36:437-0500 ThreadID=12746 Component=ngl-lib_DataStorageFs Description="SetLegacyStorageSupported: mLegacyStorageSupported set to 1"
SessionID=4b41c8fa-403a-4b06-8055-815e934795ca.1761597014908 Timestamp=2025-10-31T12:56:36:438-0500 ThreadID=12746 Component=ngl-lib_DataStorageFs Description="SetLegacyStorageSupportedFromCapabilityFile: status: 8"
SessionID=4b41c8fa-403a-4b06-8055-815e934795ca.1761597014908 Timestamp=2025-10-31T12:56:36:439-0500 ThreadID=12746 Component=ngl-lib_DataStorageFs Description="SetFsFlagsFromConfigFile: status: 0"
SessionID=4b41c8fa-403a-4b06-8055-815e934795ca.1761597014908 Timestamp=2025-10-31T12:56:36:439-0500 ThreadID=12746 Component=ngl-lib_SyncManager Description="RecurringSync: Executing the pending sync for key Package Info..."
SessionID=4b41c8fa-403a-4b06-8055-815e934795ca.1761597014908 Timestamp=2025-10-31T12:56:36:458-0500 ThreadID=12746 Component=ngl-lib_SyncManager Description="SyncRunnable: returnStatus: 8, lSyncAction: 0, key: Package Info"
SessionID=4b41c8fa-403a-4b06-8055-815e934795ca.1761597014908 Timestamp=2025-10-31T12:56:36:459-0500 ThreadID=12746 Component=ngl-lib_SyncManager Description="RecurringSync: Executing the pending sync for key Password..."
SessionID=4b41c8fa-403a-4b06-8055-815e934795ca.1761597014908 Timestamp=2025-10-31T12:56:36:460-0500 ThreadID=12746 Component=ngl-lib_SyncManager Description="SyncRunnable: returnStatus: 8, lSyncAction: 0, key: Password"
SessionID=4b41c8fa-403a-4b06-8055-815e934795ca.1761597014908 Timestamp=2025-10-31T12:56:36:460-0500 ThreadID=12746 Component=ngl-lib_SyncManager Description="RecurringSync: Executing the pending sync for key User DT..."
SessionID=4b41c8fa-403a-4b06-8055-815e934795ca.1761597014908 Timestamp=2025-10-31T12:56:36:460-0500 ThreadID=12746 Component=ngl-lib_SyncManager Description="SyncRunnable: returnStatus: 8, lSyncAction: 0, key: User DT"
SessionID=4b41c8fa-403a-4b06-8055-815e934795ca.1761597014908 Timestamp=2025-10-31T12:56:36:461-0500 ThreadID=12746 Component=ngl-lib_SyncManager Description="RecurringSync: Executing the pending sync for key User OS Info..."
SessionID=4b41c8fa-403a-4b06-8055-815e934795ca.1761597014908 Timestamp=2025-10-31T12:56:36:461-0500 ThreadID=12746 Component=ngl-lib_SyncManager Description="SyncRunnable: returnStatus: 8, lSyncAction: 0, key: User OS Info"
SessionID=4b41c8fa-403a-4b06-8055-815e934795ca.1761597014908 Timestamp=2025-10-31T12:56:36:461-0500 ThreadID=12746 Component=ngl-lib_SyncManager Description="RecurringSync: Executing the pending sync for key User Profile..."
SessionID=4b41c8fa-403a-4b06-8055-815e934795ca.1761597014908 Timestamp=2025-10-31T12:56:36:462-0500 ThreadID=12746 Component=ngl-lib_SyncManager Description="SyncRunnable: returnStatus: 8, lSyncAction: 0, key: User Profile"
SessionID=4b41c8fa-403a-4b06-8055-815e934795ca.1761597014908 Timestamp=2025-10-31T12:56:36:462-0500 ThreadID=12746 Component=ngl-lib_SyncManager Description="RecurringSync: Executing the pending sync for key Username..."
SessionID=4b41c8fa-403a-4b06-8055-815e934795ca.1761597014908 Timestamp=2025-10-31T12:56:36:462-0500 ThreadID=12746 Component=ngl-lib_SyncManager Description="SyncRunnable: returnStatus: 8, lSyncAction: 0, key: Username"
SessionID=e29064e7-4243-4ea3-9a9f-f0da7cdefcb8.1761929170908 Timestamp=2025-10-31T13:06:06:673-0500 ThreadID=4783722 Component=ngl-lib_DataStorageFs Description="SetLegacyStorageSupported: mLegacyStorageSupported set to 1"
SessionID=e29064e7-4243-4ea3-9a9f-f0da7cdefcb8.1761929170908 Timestamp=2025-10-31T13:06:06:676-0500 ThreadID=4783722 Component=ngl-lib_DataStorageFs Description="SetLegacyStorageSupportedFromCapabilityFile: status: 8"
SessionID=e29064e7-4243-4ea3-9a9f-f0da7cdefcb8.1761929170908 Timestamp=2025-10-31T13:06:06:677-0500 ThreadID=4783722 Component=ngl-lib_DataStorageFs Description="SetFsFlagsFromConfigFile: status: 0"
SessionID=e29064e7-4243-4ea3-9a9f-f0da7cdefcb8.1761929170908 Timestamp=2025-10-31T13:06:06:677-0500 ThreadID=4783722 Component=ngl-lib_SyncManager Description="RecurringSync: Executing the pending sync for key Package Info..."
SessionID=e29064e7-4243-4ea3-9a9f-f0da7cdefcb8.1761929170908 Timestamp=2025-10-31T13:06:06:701-0500 ThreadID=4783722 Component=ngl-lib_SyncManager Description="SyncRunnable: returnStatus: 8, lSyncAction: 0, key: Package Info"
SessionID=e29064e7-4243-4ea3-9a9f-f0da7cdefcb8.1761929170908 Timestamp=2025-10-31T13:06:06:701-0500 ThreadID=4783722 Component=ngl-lib_SyncManager Description="RecurringSync: Executing the pending sync for key Password..."
SessionID=e29064e7-4243-4ea3-9a9f-f0da7cdefcb8.1761929170908 Timestamp=2025-10-31T13:06:06:702-0500 ThreadID=4783722 Component=ngl-lib_SyncManager Description="SyncRunnable: returnStatus: 8, lSyncAction: 0, key: Password"
SessionID=e29064e7-4243-4ea3-9a9f-f0da7cdefcb8.1761929170908 Timestamp=2025-10-31T13:06:06:702-0500 ThreadID=4783722 Component=ngl-lib_SyncManager Description="RecurringSync: Executing the pending sync for key User DT..."
SessionID=e29064e7-4243-4ea3-9a9f-f0da7cdefcb8.1761929170908 Timestamp=2025-10-31T13:06:06:704-0500 ThreadID=4783722 Component=ngl-lib_SyncManager Description="SyncRunnable: returnStatus: 8, lSyncAction: 0, key: User DT"
SessionID=e29064e7-4243-4ea3-9a9f-f0da7cdefcb8.1761929170908 Timestamp=2025-10-31T13:06:06:704-0500 ThreadID=4783722 Component=ngl-lib_SyncManager Description="RecurringSync: Executing the pending sync for key User OS Info..."
SessionID=e29064e7-4243-4ea3-9a9f-f0da7cdefcb8.1761929170908 Timestamp=2025-10-31T13:06:06:706-0500 ThreadID=4783722 Component=ngl-lib_SyncManager Description="SyncRunnable: returnStatus: 8, lSyncAction: 0, key: User OS Info"
SessionID=e29064e7-4243-4ea3-9a9f-f0da7cdefcb8.1761929170908 Timestamp=2025-10-31T13:06:06:706-0500 ThreadID=4783722 Component=ngl-lib_SyncManager Description="RecurringSync: Executing the pending sync for key User Profile..."
SessionID=e29064e7-4243-4ea3-9a9f-f0da7cdefcb8.1761929170908 Timestamp=2025-10-31T13:06:06:708-0500 ThreadID=4783722 Component=ngl-lib_SyncManager Description="SyncRunnable: returnStatus: 8, lSyncAction: 0, key: User Profile"
SessionID=e29064e7-4243-4ea3-9a9f-f0da7cdefcb8.1761929170908 Timestamp=2025-10-31T13:06:06:708-0500 ThreadID=4783722 Component=ngl-lib_SyncManager Description="RecurringSync: Executing the pending sync for key Username..."
SessionID=e29064e7-4243-4ea3-9a9f-f0da7cdefcb8.1761929170908 Timestamp=2025-10-31T13:06:06:709-0500 ThreadID=4783722 Component=ngl-lib_SyncManager Description="SyncRunnable: returnStatus: 8, lSyncAction: 0, key: Username"
SessionID=4b41c8fa-403a-4b06-8055-815e934795ca.1761597014908 Timestamp=2025-10-31T13:11:44:173-0500 ThreadID=12746 Component=ngl-lib_DataStorageFs Description="SetLegacyStorageSupported: mLegacyStorageSupported set to 1"
SessionID=4b41c8fa-403a-4b06-8055-815e934795ca.1761597014908 Timestamp=2025-10-31T13:11:44:174-0500 ThreadID=12746 Component=ngl-lib_DataStorageFs Description="SetLegacyStorageSupportedFromCapabilityFile: status: 8"
SessionID=4b41c8fa-403a-4b06-8055-815e934795ca.1761597014908 Timestamp=2025-10-31T13:11:44:175-0500 ThreadID=12746 Component=ngl-lib_DataStorageFs Description="SetFsFlagsFromConfigFile: status: 0"
SessionID=4b41c8fa-403a-4b06-8055-815e934795ca.1761597014908 Timestamp=2025-10-31T13:11:44:175-0500 ThreadID=12746 Component=ngl-lib_SyncManager Description="RecurringSync: Executing the pending sync for key Package Info..."
SessionID=4b41c8fa-403a-4b06-8055-815e934795ca.1761597014908 Timestamp=2025-10-31T13:11:44:188-0500 ThreadID=12746 Component=ngl-lib_SyncManager Description="SyncRunnable: returnStatus: 8, lSyncAction: 0, key: Package Info"
SessionID=4b41c8fa-403a-4b06-8055-815e934795ca.1761597014908 Timestamp=2025-10-31T13:11:44:189-0500 ThreadID=12746 Component=ngl-lib_SyncManager Description="RecurringSync: Executing the pending sync for key Password..."
SessionID=4b41c8fa-403a-4b06-8055-815e934795ca.1761597014908 Timestamp=2025-10-31T13:11:44:190-0500 ThreadID=12746 Component=ngl-lib_SyncManager Description="SyncRunnable: returnStatus: 8, lSyncAction: 0, key: Password"
SessionID=4b41c8fa-403a-4b06-8055-815e934795ca.1761597014908 Timestamp=2025-10-31T13:11:44:190-0500 ThreadID=12746 Component=ngl-lib_SyncManager Description="RecurringSync: Executing the pending sync for key User DT..."
SessionID=4b41c8fa-403a-4b06-8055-815e934795ca.1761597014908 Timestamp=2025-10-31T13:11:44:190-0500 ThreadID=12746 Component=ngl-lib_SyncManager Description="SyncRunnable: returnStatus: 8, lSyncAction: 0, key: User DT"
SessionID=4b41c8fa-403a-4b06-8055-815e934795ca.1761597014908 Timestamp=2025-10-31T13:11:44:190-0500 ThreadID=12746 Component=ngl-lib_SyncManager Description="RecurringSync: Executing the pending sync for key User OS Info..."
SessionID=4b41c8fa-403a-4b06-8055-815e934795ca.1761597014908 Timestamp=2025-10-31T13:11:44:191-0500 ThreadID=12746 Component=ngl-lib_SyncManager Description="SyncRunnable: returnStatus: 8, lSyncAction: 0, key: User OS Info"
SessionID=4b41c8fa-403a-4b06-8055-815e934795ca.1761597014908 Timestamp=2025-10-31T13:11:44:191-0500 ThreadID=12746 Component=ngl-lib_SyncManager Description="RecurringSync: Executing the pending sync for key User Profile..."
SessionID=4b41c8fa-403a-4b06-8055-815e934795ca.1761597014908 Timestamp=2025-10-31T13:11:44:193-0500 ThreadID=12746 Component=ngl-lib_SyncManager Description="SyncRunnable: returnStatus: 8, lSyncAction: 0, key: User Profile"
SessionID=4b41c8fa-403a-4b06-8055-815e934795ca.1761597014908 Timestamp=2025-10-31T13:11:44:193-0500 ThreadID=12746 Component=ngl-lib_SyncManager Description="RecurringSync: Executing the pending sync for key Username..."
SessionID=4b41c8fa-403a-4b06-8055-815e934795ca.1761597014908 Timestamp=2025-10-31T13:11:44:193-0500 ThreadID=12746 Component=ngl-lib_SyncManager Description="SyncRunnable: returnStatus: 8, lSyncAction: 0, key: Username"
SessionID=4b41c8fa-403a-4b06-8055-815e934795ca.1761597014908 Timestamp=2025-10-31T13:18:25:354-0500 ThreadID=12748 Component=ngl-lib_OSUtils Description="GetConfigValueFromRegOrPlist: finished with status 0 value:"
SessionID=e29064e7-4243-4ea3-9a9f-f0da7cdefcb8.1761929170908 Timestamp=2025-10-31T13:20:38:967-0500 ThreadID=4783724 Component=ngl-lib_OSUtils Description="GetConfigValueFromRegOrPlist: finished with status 0 value:"
SessionID=e29064e7-4243-4ea3-9a9f-f0da7cdefcb8.1761929170908 Timestamp=2025-10-31T13:21:13:315-0500 ThreadID=4783722 Component=ngl-lib_DataStorageFs Description="SetLegacyStorageSupported: mLegacyStorageSupported set to 1"
SessionID=e29064e7-4243-4ea3-9a9f-f0da7cdefcb8.1761929170908 Timestamp=2025-10-31T13:21:13:316-0500 ThreadID=4783722 Component=ngl-lib_DataStorageFs Description="SetLegacyStorageSupportedFromCapabilityFile: status: 8"
SessionID=e29064e7-4243-4ea3-9a9f-f0da7cdefcb8.1761929170908 Timestamp=2025-10-31T13:21:13:316-0500 ThreadID=4783722 Component=ngl-lib_DataStorageFs Description="SetFsFlagsFromConfigFile: status: 0"
SessionID=e29064e7-4243-4ea3-9a9f-f0da7cdefcb8.1761929170908 Timestamp=2025-10-31T13:21:13:317-0500 ThreadID=4783722 Component=ngl-lib_SyncManager Description="RecurringSync: Executing the pending sync for key Package Info..."
SessionID=e29064e7-4243-4ea3-9a9f-f0da7cdefcb8.1761929170908 Timestamp=2025-10-31T13:21:13:349-0500 ThreadID=4783722 Component=ngl-lib_SyncManager Description="SyncRunnable: returnStatus: 8, lSyncAction: 0, key: Package Info"
SessionID=e29064e7-4243-4ea3-9a9f-f0da7cdefcb8.1761929170908 Timestamp=2025-10-31T13:21:13:350-0500 ThreadID=4783722 Component=ngl-lib_SyncManager Description="RecurringSync: Executing the pending sync for key Password..."
SessionID=e29064e7-4243-4ea3-9a9f-f0da7cdefcb8.1761929170908 Timestamp=2025-10-31T13:21:13:352-0500 ThreadID=4783722 Component=ngl-lib_SyncManager Description="SyncRunnable: returnStatus: 8, lSyncAction: 0, key: Password"
SessionID=e29064e7-4243-4ea3-9a9f-f0da7cdefcb8.1761929170908 Timestamp=2025-10-31T13:21:13:353-0500 ThreadID=4783722 Component=ngl-lib_SyncManager Description="RecurringSync: Executing the pending sync for key User DT..."
SessionID=e29064e7-4243-4ea3-9a9f-f0da7cdefcb8.1761929170908 Timestamp=2025-10-31T13:21:13:355-0500 ThreadID=4783722 Component=ngl-lib_SyncManager Description="SyncRunnable: returnStatus: 8, lSyncAction: 0, key: User DT"
SessionID=e29064e7-4243-4ea3-9a9f-f0da7cdefcb8.1761929170908 Timestamp=2025-10-31T13:21:13:355-0500 ThreadID=4783722 Component=ngl-lib_SyncManager Description="RecurringSync: Executing the pending sync for key User OS Info..."
SessionID=e29064e7-4243-4ea3-9a9f-f0da7cdefcb8.1761929170908 Timestamp=2025-10-31T13:21:13:357-0500 ThreadID=4783722 Component=ngl-lib_SyncManager Description="SyncRunnable: returnStatus: 8, lSyncAction: 0, key: User OS Info"
SessionID=e29064e7-4243-4ea3-9a9f-f0da7cdefcb8.1761929170908 Timestamp=2025-10-31T13:21:13:357-0500 ThreadID=4783722 Component=ngl-lib_SyncManager Description="RecurringSync: Executing the pending sync for key User Profile..."
SessionID=e29064e7-4243-4ea3-9a9f-f0da7cdefcb8.1761929170908 Timestamp=2025-10-31T13:21:13:358-0500 ThreadID=4783722 Component=ngl-lib_SyncManager Description="SyncRunnable: returnStatus: 8, lSyncAction: 0, key: User Profile"
SessionID=e29064e7-4243-4ea3-9a9f-f0da7cdefcb8.1761929170908 Timestamp=2025-10-31T13:21:13:359-0500 ThreadID=4783722 Component=ngl-lib_SyncManager Description="RecurringSync: Executing the pending sync for key Username..."
SessionID=e29064e7-4243-4ea3-9a9f-f0da7cdefcb8.1761929170908 Timestamp=2025-10-31T13:21:13:360-0500 ThreadID=4783722 Component=ngl-lib_SyncManager Description="SyncRunnable: returnStatus: 8, lSyncAction: 0, key: Username"
SessionID=4b41c8fa-403a-4b06-8055-815e934795ca.1761597014908 Timestamp=2025-10-31T13:26:52:956-0500 ThreadID=12746 Component=ngl-lib_DataStorageFs Description="SetLegacyStorageSupported: mLegacyStorageSupported set to 1"
SessionID=4b41c8fa-403a-4b06-8055-815e934795ca.1761597014908 Timestamp=2025-10-31T13:26:52:957-0500 ThreadID=12746 Component=ngl-lib_DataStorageFs Description="SetLegacyStorageSupportedFromCapabilityFile: status: 8"
SessionID=4b41c8fa-403a-4b06-8055-815e934795ca.1761597014908 Timestamp=2025-10-31T13:26:52:958-0500 ThreadID=12746 Component=ngl-lib_DataStorageFs Description="SetFsFlagsFromConfigFile: status: 0"
SessionID=4b41c8fa-403a-4b06-8055-815e934795ca.1761597014908 Timestamp=2025-10-31T13:26:52:958-0500 ThreadID=12746 Component=ngl-lib_SyncManager Description="RecurringSync: Executing the pending sync for key Package Info..."
SessionID=4b41c8fa-403a-4b06-8055-815e934795ca.1761597014908 Timestamp=2025-10-31T13:26:52:984-0500 ThreadID=12746 Component=ngl-lib_SyncManager Description="SyncRunnable: returnStatus: 8, lSyncAction: 0, key: Package Info"
SessionID=4b41c8fa-403a-4b06-8055-815e934795ca.1761597014908 Timestamp=2025-10-31T13:26:52:985-0500 ThreadID=12746 Component=ngl-lib_SyncManager Description="RecurringSync: Executing the pending sync for key Password..."
SessionID=4b41c8fa-403a-4b06-8055-815e934795ca.1761597014908 Timestamp=2025-10-31T13:26:52:985-0500 ThreadID=12746 Component=ngl-lib_SyncManager Description="SyncRunnable: returnStatus: 8, lSyncAction: 0, key: Password"
SessionID=4b41c8fa-403a-4b06-8055-815e934795ca.1761597014908 Timestamp=2025-10-31T13:26:52:985-0500 ThreadID=12746 Component=ngl-lib_SyncManager Description="RecurringSync: Executing the pending sync for key User DT..."
SessionID=4b41c8fa-403a-4b06-8055-815e934795ca.1761597014908 Timestamp=2025-10-31T13:26:52:986-0500 ThreadID=12746 Component=ngl-lib_SyncManager Description="SyncRunnable: returnStatus: 8, lSyncAction: 0, key: User DT"
SessionID=4b41c8fa-403a-4b06-8055-815e934795ca.1761597014908 Timestamp=2025-10-31T13:26:52:986-0500 ThreadID=12746 Component=ngl-lib_SyncManager Description="RecurringSync: Executing the pending sync for key User OS Info..."
SessionID=4b41c8fa-403a-4b06-8055-815e934795ca.1761597014908 Timestamp=2025-10-31T13:26:52:987-0500 ThreadID=12746 Component=ngl-lib_SyncManager Description="SyncRunnable: returnStatus: 8, lSyncAction: 0, key: User OS Info"
SessionID=4b41c8fa-403a-4b06-8055-815e934795ca.1761597014908 Timestamp=2025-10-31T13:26:52:987-0500 ThreadID=12746 Component=ngl-lib_SyncManager Description="RecurringSync: Executing the pending sync for key User Profile..."
SessionID=4b41c8fa-403a-4b06-8055-815e934795ca.1761597014908 Timestamp=2025-10-31T13:26:52:987-0500 ThreadID=12746 Component=ngl-lib_SyncManager Description="SyncRunnable: returnStatus: 8, lSyncAction: 0, key: User Profile"
SessionID=4b41c8fa-403a-4b06-8055-815e934795ca.1761597014908 Timestamp=2025-10-31T13:26:52:987-0500 ThreadID=12746 Component=ngl-lib_SyncManager Description="RecurringSync: Executing the pending sync for key Username..."
SessionID=4b41c8fa-403a-4b06-8055-815e934795ca.1761597014908 Timestamp=2025-10-31T13:26:52:989-0500 ThreadID=12746 Component=ngl-lib_SyncManager Description="SyncRunnable: returnStatus: 8, lSyncAction: 0, key: Username"
SessionID=e29064e7-4243-4ea3-9a9f-f0da7cdefcb8.1761929170908 Timestamp=2025-10-31T13:36:19:485-0500 ThreadID=4783722 Component=ngl-lib_DataStorageFs Description="SetLegacyStorageSupported: mLegacyStorageSupported set to 1"
SessionID=e29064e7-4243-4ea3-9a9f-f0da7cdefcb8.1761929170908 Timestamp=2025-10-31T13:36:19:489-0500 ThreadID=4783722 Component=ngl-lib_DataStorageFs Description="SetLegacyStorageSupportedFromCapabilityFile: status: 8"
SessionID=e29064e7-4243-4ea3-9a9f-f0da7cdefcb8.1761929170908 Timestamp=2025-10-31T13:36:19:490-0500 ThreadID=4783722 Component=ngl-lib_DataStorageFs Description="SetFsFlagsFromConfigFile: status: 0"
SessionID=e29064e7-4243-4ea3-9a9f-f0da7cdefcb8.1761929170908 Timestamp=2025-10-31T13:36:19:490-0500 ThreadID=4783722 Component=ngl-lib_SyncManager Description="RecurringSync: Executing the pending sync for key Package Info..."
SessionID=e29064e7-4243-4ea3-9a9f-f0da7cdefcb8.1761929170908 Timestamp=2025-10-31T13:36:19:514-0500 ThreadID=4783722 Component=ngl-lib_SyncManager Description="SyncRunnable: returnStatus: 8, lSyncAction: 0, key: Package Info"
SessionID=e29064e7-4243-4ea3-9a9f-f0da7cdefcb8.1761929170908 Timestamp=2025-10-31T13:36:19:514-0500 ThreadID=4783722 Component=ngl-lib_SyncManager Description="RecurringSync: Executing the pending sync for key Password..."
SessionID=e29064e7-4243-4ea3-9a9f-f0da7cdefcb8.1761929170908 Timestamp=2025-10-31T13:36:19:517-0500 ThreadID=4783722 Component=ngl-lib_SyncManager Description="SyncRunnable: returnStatus: 8, lSyncAction: 0, key: Password"
SessionID=e29064e7-4243-4ea3-9a9f-f0da7cdefcb8.1761929170908 Timestamp=2025-10-31T13:36:19:517-0500 ThreadID=4783722 Component=ngl-lib_SyncManager Description="RecurringSync: Executing the pending sync for key User DT..."
SessionID=e29064e7-4243-4ea3-9a9f-f0da7cdefcb8.1761929170908 Timestamp=2025-10-31T13:36:19:519-0500 ThreadID=4783722 Component=ngl-lib_SyncManager Description="SyncRunnable: returnStatus: 8, lSyncAction: 0, key: User DT"
SessionID=e29064e7-4243-4ea3-9a9f-f0da7cdefcb8.1761929170908 Timestamp=2025-10-31T13:36:19:519-0500 ThreadID=4783722 Component=ngl-lib_SyncManager Description="RecurringSync: Executing the pending sync for key User OS Info..."
SessionID=e29064e7-4243-4ea3-9a9f-f0da7cdefcb8.1761929170908 Timestamp=2025-10-31T13:36:19:521-0500 ThreadID=4783722 Component=ngl-lib_SyncManager Description="SyncRunnable: returnStatus: 8, lSyncAction: 0, key: User OS Info"
SessionID=e29064e7-4243-4ea3-9a9f-f0da7cdefcb8.1761929170908 Timestamp=2025-10-31T13:36:19:521-0500 ThreadID=4783722 Component=ngl-lib_SyncManager Description="RecurringSync: Executing the pending sync for key User Profile..."
SessionID=e29064e7-4243-4ea3-9a9f-f0da7cdefcb8.1761929170908 Timestamp=2025-10-31T13:36:19:522-0500 ThreadID=4783722 Component=ngl-lib_SyncManager Description="SyncRunnable: returnStatus: 8, lSyncAction: 0, key: User Profile"
SessionID=e29064e7-4243-4ea3-9a9f-f0da7cdefcb8.1761929170908 Timestamp=2025-10-31T13:36:19:523-0500 ThreadID=4783722 Component=ngl-lib_SyncManager Description="RecurringSync: Executing the pending sync for key Username..."
SessionID=e29064e7-4243-4ea3-9a9f-f0da7cdefcb8.1761929170908 Timestamp=2025-10-31T13:36:19:524-0500 ThreadID=4783722 Component=ngl-lib_SyncManager Description="SyncRunnable: returnStatus: 8, lSyncAction: 0, key: Username"
SessionID=4b41c8fa-403a-4b06-8055-815e934795ca.1761597014908 Timestamp=2025-10-31T13:41:59:809-0500 ThreadID=12746 Component=ngl-lib_DataStorageFs Description="SetLegacyStorageSupported: mLegacyStorageSupported set to 1"
SessionID=4b41c8fa-403a-4b06-8055-815e934795ca.1761597014908 Timestamp=2025-10-31T13:41:59:811-0500 ThreadID=12746 Component=ngl-lib_DataStorageFs Description="SetLegacyStorageSupportedFromCapabilityFile: status: 8"
SessionID=4b41c8fa-403a-4b06-8055-815e934795ca.1761597014908 Timestamp=2025-10-31T13:41:59:811-0500 ThreadID=12746 Component=ngl-lib_DataStorageFs Description="SetFsFlagsFromConfigFile: status: 0"
SessionID=4b41c8fa-403a-4b06-8055-815e934795ca.1761597014908 Timestamp=2025-10-31T13:41:59:811-0500 ThreadID=12746 Component=ngl-lib_SyncManager Description="RecurringSync: Executing the pending sync for key Package Info..."
SessionID=4b41c8fa-403a-4b06-8055-815e934795ca.1761597014908 Timestamp=2025-10-31T13:41:59:823-0500 ThreadID=12746 Component=ngl-lib_SyncManager Description="SyncRunnable: returnStatus: 8, lSyncAction: 0, key: Package Info"
SessionID=4b41c8fa-403a-4b06-8055-815e934795ca.1761597014908 Timestamp=2025-10-31T13:41:59:823-0500 ThreadID=12746 Component=ngl-lib_SyncManager Description="RecurringSync: Executing the pending sync for key Password..."
SessionID=4b41c8fa-403a-4b06-8055-815e934795ca.1761597014908 Timestamp=2025-10-31T13:41:59:824-0500 ThreadID=12746 Component=ngl-lib_SyncManager Description="SyncRunnable: returnStatus: 8, lSyncAction: 0, key: Password"
SessionID=4b41c8fa-403a-4b06-8055-815e934795ca.1761597014908 Timestamp=2025-10-31T13:41:59:824-0500 ThreadID=12746 Component=ngl-lib_SyncManager Description="RecurringSync: Executing the pending sync for key User DT..."
SessionID=4b41c8fa-403a-4b06-8055-815e934795ca.1761597014908 Timestamp=2025-10-31T13:41:59:825-0500 ThreadID=12746 Component=ngl-lib_SyncManager Description="SyncRunnable: returnStatus: 8, lSyncAction: 0, key: User DT"
SessionID=4b41c8fa-403a-4b06-8055-815e934795ca.1761597014908 Timestamp=2025-10-31T13:41:59:825-0500 ThreadID=12746 Component=ngl-lib_SyncManager Description="RecurringSync: Executing the pending sync for key User OS Info..."
SessionID=4b41c8fa-403a-4b06-8055-815e934795ca.1761597014908 Timestamp=2025-10-31T13:41:59:825-0500 ThreadID=12746 Component=ngl-lib_SyncManager Description="SyncRunnable: returnStatus: 8, lSyncAction: 0, key: User OS Info"
SessionID=4b41c8fa-403a-4b06-8055-815e934795ca.1761597014908 Timestamp=2025-10-31T13:41:59:825-0500 ThreadID=12746 Component=ngl-lib_SyncManager Description="RecurringSync: Executing the pending sync for key User Profile..."
SessionID=4b41c8fa-403a-4b06-8055-815e934795ca.1761597014908 Timestamp=2025-10-31T13:41:59:825-0500 ThreadID=12746 Component=ngl-lib_SyncManager Description="SyncRunnable: returnStatus: 8, lSyncAction: 0, key: User Profile"
SessionID=4b41c8fa-403a-4b06-8055-815e934795ca.1761597014908 Timestamp=2025-10-31T13:41:59:825-0500 ThreadID=12746 Component=ngl-lib_SyncManager Description="RecurringSync: Executing the pending sync for key Username..."
SessionID=4b41c8fa-403a-4b06-8055-815e934795ca.1761597014908 Timestamp=2025-10-31T13:41:59:826-0500 ThreadID=12746 Component=ngl-lib_SyncManager Description="SyncRunnable: returnStatus: 8, lSyncAction: 0, key: Username"
SessionID=4b41c8fa-403a-4b06-8055-815e934795ca.1761597014908 Timestamp=2025-10-31T13:48:22:922-0500 ThreadID=12901 Component=ngl-lib_SSOWatcher Description="ProcessSSOFileData: IMS Active event detected"
SessionID=e29064e7-4243-4ea3-9a9f-f0da7cdefcb8.1761929170908 Timestamp=2025-10-31T13:48:23:057-0500 ThreadID=4783761 Component=ngl-lib_SSOWatcher Description="ProcessSSOFileData: IMS Active event detected"
SessionID=4b41c8fa-403a-4b06-8055-815e934795ca.1761597014908 Timestamp=2025-10-31T13:48:25:476-0500 ThreadID=12748 Component=ngl-lib_OSUtils Description="GetConfigValueFromRegOrPlist: finished with status 0 value:"
SessionID=e29064e7-4243-4ea3-9a9f-f0da7cdefcb8.1761929170908 Timestamp=2025-10-31T13:50:39:156-0500 ThreadID=4783724 Component=ngl-lib_OSUtils Description="GetConfigValueFromRegOrPlist: finished with status 0 value:"
SessionID=e29064e7-4243-4ea3-9a9f-f0da7cdefcb8.1761929170908 Timestamp=2025-10-31T13:51:26:429-0500 ThreadID=4783722 Component=ngl-lib_DataStorageFs Description="SetLegacyStorageSupported: mLegacyStorageSupported set to 1"
SessionID=e29064e7-4243-4ea3-9a9f-f0da7cdefcb8.1761929170908 Timestamp=2025-10-31T13:51:26:430-0500 ThreadID=4783722 Component=ngl-lib_DataStorageFs Description="SetLegacyStorageSupportedFromCapabilityFile: status: 8"
SessionID=e29064e7-4243-4ea3-9a9f-f0da7cdefcb8.1761929170908 Timestamp=2025-10-31T13:51:26:430-0500 ThreadID=4783722 Component=ngl-lib_DataStorageFs Description="SetFsFlagsFromConfigFile: status: 0"
SessionID=e29064e7-4243-4ea3-9a9f-f0da7cdefcb8.1761929170908 Timestamp=2025-10-31T13:51:26:430-0500 ThreadID=4783722 Component=ngl-lib_SyncManager Description="RecurringSync: Executing the pending sync for key Package Info..."
SessionID=e29064e7-4243-4ea3-9a9f-f0da7cdefcb8.1761929170908 Timestamp=2025-10-31T13:51:26:469-0500 ThreadID=4783722 Component=ngl-lib_SyncManager Description="SyncRunnable: returnStatus: 8, lSyncAction: 0, key: Package Info"
SessionID=e29064e7-4243-4ea3-9a9f-f0da7cdefcb8.1761929170908 Timestamp=2025-10-31T13:51:26:470-0500 ThreadID=4783722 Component=ngl-lib_SyncManager Description="RecurringSync: Executing the pending sync for key Password..."
SessionID=e29064e7-4243-4ea3-9a9f-f0da7cdefcb8.1761929170908 Timestamp=2025-10-31T13:51:26:472-0500 ThreadID=4783722 Component=ngl-lib_SyncManager Description="SyncRunnable: returnStatus: 8, lSyncAction: 0, key: Password"
SessionID=e29064e7-4243-4ea3-9a9f-f0da7cdefcb8.1761929170908 Timestamp=2025-10-31T13:51:26:473-0500 ThreadID=4783722 Component=ngl-lib_SyncManager Description="RecurringSync: Executing the pending sync for key User DT..."
SessionID=e29064e7-4243-4ea3-9a9f-f0da7cdefcb8.1761929170908 Timestamp=2025-10-31T13:51:26:476-0500 ThreadID=4783722 Component=ngl-lib_SyncManager Description="SyncRunnable: returnStatus: 8, lSyncAction: 0, key: User DT"
SessionID=e29064e7-4243-4ea3-9a9f-f0da7cdefcb8.1761929170908 Timestamp=2025-10-31T13:51:26:476-0500 ThreadID=4783722 Component=ngl-lib_SyncManager Description="RecurringSync: Executing the pending sync for key User OS Info..."
SessionID=e29064e7-4243-4ea3-9a9f-f0da7cdefcb8.1761929170908 Timestamp=2025-10-31T13:51:26:478-0500 ThreadID=4783722 Component=ngl-lib_SyncManager Description="SyncRunnable: returnStatus: 8, lSyncAction: 0, key: User OS Info"
SessionID=e29064e7-4243-4ea3-9a9f-f0da7cdefcb8.1761929170908 Timestamp=2025-10-31T13:51:26:479-0500 ThreadID=4783722 Component=ngl-lib_SyncManager Description="RecurringSync: Executing the pending sync for key User Profile..."
SessionID=e29064e7-4243-4ea3-9a9f-f0da7cdefcb8.1761929170908 Timestamp=2025-10-31T13:51:26:480-0500 ThreadID=4783722 Component=ngl-lib_SyncManager Description="SyncRunnable: returnStatus: 8, lSyncAction: 0, key: User Profile"
SessionID=e29064e7-4243-4ea3-9a9f-f0da7cdefcb8.1761929170908 Timestamp=2025-10-31T13:51:26:481-0500 ThreadID=4783722 Component=ngl-lib_SyncManager Description="RecurringSync: Executing the pending sync for key Username..."
SessionID=e29064e7-4243-4ea3-9a9f-f0da7cdefcb8.1761929170908 Timestamp=2025-10-31T13:51:26:482-0500 ThreadID=4783722 Component=ngl-lib_SyncManager Description="SyncRunnable: returnStatus: 8, lSyncAction: 0, key: Username"
SessionID=4b41c8fa-403a-4b06-8055-815e934795ca.1761597014908 Timestamp=2025-10-31T13:56:08:927-0500 ThreadID=4879615 Component=ngl-lib_NglFeatureManager Description="GetFlagsFromFs: Finished with status: 0 | OsErrorCode: 0 | OsErrorDesc: "
SessionID=4b41c8fa-403a-4b06-8055-815e934795ca.1761597014908 Timestamp=2025-10-31T13:56:08:928-0500 ThreadID=4879615 Component=ngl-lib_OSUtils Description="GetConfigValueFromRegOrPlist: finished with status 0 value:"
SessionID=4b41c8fa-403a-4b06-8055-815e934795ca.1761597014908 Timestamp=2025-10-31T13:56:08:928-0500 ThreadID=4879615 Component=ngl-lib_NglFeatureManager Description="ProcessClientJson: client details for client ID Ngl_1_41 is empty"
SessionID=4b41c8fa-403a-4b06-8055-815e934795ca.1761597014908 Timestamp=2025-10-31T13:56:08:929-0500 ThreadID=4879615 Component=ngl-lib_NglFeatureManager Description="ProcessClientJson: client details for client ID Ngl_AcrobatDC1 is empty"
SessionID=4b41c8fa-403a-4b06-8055-815e934795ca.1761597014908 Timestamp=2025-10-31T13:56:08:929-0500 ThreadID=4879615 Component=ngl-lib_NglFeatureManager Description="FetchFlagsAsync : FetchFlags returned with status code: 15"
SessionID=4b41c8fa-403a-4b06-8055-815e934795ca.1761597014908 Timestamp=2025-10-31T13:56:59:902-0500 ThreadID=12746 Component=ngl-lib_DataStorageFs Description="SetLegacyStorageSupported: mLegacyStorageSupported set to 1"
SessionID=4b41c8fa-403a-4b06-8055-815e934795ca.1761597014908 Timestamp=2025-10-31T13:56:59:903-0500 ThreadID=12746 Component=ngl-lib_DataStorageFs Description="SetLegacyStorageSupportedFromCapabilityFile: status: 8"
SessionID=4b41c8fa-403a-4b06-8055-815e934795ca.1761597014908 Timestamp=2025-10-31T13:56:59:904-0500 ThreadID=12746 Component=ngl-lib_DataStorageFs Description="SetFsFlagsFromConfigFile: status: 0"
SessionID=4b41c8fa-403a-4b06-8055-815e934795ca.1761597014908 Timestamp=2025-10-31T13:56:59:904-0500 ThreadID=12746 Component=ngl-lib_SyncManager Description="RecurringSync: Executing the pending sync for key Package Info..."
SessionID=4b41c8fa-403a-4b06-8055-815e934795ca.1761597014908 Timestamp=2025-10-31T13:56:59:946-0500 ThreadID=12746 Component=ngl-lib_SyncManager Description="SyncRunnable: returnStatus: 8, lSyncAction: 0, key: Package Info"
SessionID=4b41c8fa-403a-4b06-8055-815e934795ca.1761597014908 Timestamp=2025-10-31T13:56:59:947-0500 ThreadID=12746 Component=ngl-lib_SyncManager Description="RecurringSync: Executing the pending sync for key Password..."
SessionID=4b41c8fa-403a-4b06-8055-815e934795ca.1761597014908 Timestamp=2025-10-31T13:56:59:949-0500 ThreadID=12746 Component=ngl-lib_SyncManager Description="SyncRunnable: returnStatus: 8, lSyncAction: 0, key: Password"
SessionID=4b41c8fa-403a-4b06-8055-815e934795ca.1761597014908 Timestamp=2025-10-31T13:56:59:949-0500 ThreadID=12746 Component=ngl-lib_SyncManager Description="RecurringSync: Executing the pending sync for key User DT..."
SessionID=4b41c8fa-403a-4b06-8055-815e934795ca.1761597014908 Timestamp=2025-10-31T13:56:59:950-0500 ThreadID=12746 Component=ngl-lib_SyncManager Description="SyncRunnable: returnStatus: 8, lSyncAction: 0, key: User DT"
SessionID=4b41c8fa-403a-4b06-8055-815e934795ca.1761597014908 Timestamp=2025-10-31T13:56:59:950-0500 ThreadID=12746 Component=ngl-lib_SyncManager Description="RecurringSync: Executing the pending sync for key User OS Info..."
SessionID=4b41c8fa-403a-4b06-8055-815e934795ca.1761597014908 Timestamp=2025-10-31T13:56:59:951-0500 ThreadID=12746 Component=ngl-lib_SyncManager Description="SyncRunnable: returnStatus: 8, lSyncAction: 0, key: User OS Info"
SessionID=4b41c8fa-403a-4b06-8055-815e934795ca.1761597014908 Timestamp=2025-10-31T13:56:59:952-0500 ThreadID=12746 Component=ngl-lib_SyncManager Description="RecurringSync: Executing the pending sync for key User Profile..."
SessionID=4b41c8fa-403a-4b06-8055-815e934795ca.1761597014908 Timestamp=2025-10-31T13:56:59:953-0500 ThreadID=12746 Component=ngl-lib_SyncManager Description="SyncRunnable: returnStatus: 8, lSyncAction: 0, key: User Profile"
SessionID=4b41c8fa-403a-4b06-8055-815e934795ca.1761597014908 Timestamp=2025-10-31T13:56:59:953-0500 ThreadID=12746 Component=ngl-lib_SyncManager Description="RecurringSync: Executing the pending sync for key Username..."
